time,latitude,longitude,depth,mag,magType,nst,gap,dmin,rms,net,id,updated,place,type,horizontalError,depthError,magError,magNst,status,locationSource,magSource
2025-10-02T11:55:03.928Z,40.7641,27.9515,10,5,mww,89,22,0.965,0.62,us,us6000re6a,2025-12-19T22:49:43.040Z,"22 km S of Marmara Ereğlisi, Turkey",earthquake,4.93,1.86,0.066,22,reviewed,us,us;
2025-07-02T10:57:43.999Z,40.4645,29.1965,10,4.2,mwr,31,56,1.126,0.74,us,us7000qa69,2025-09-15T20:03:12.228Z,"4 km NE of Gemlik, Turkey",earthquake,4.61,1.909,0.098,10,reviewed,us,us;
2025-07-01T09:57:35.641Z,40.3824,29.1837,10,4,mwr,41,36,1.095,0.59,us,us7000q9y6,2025-09-04T20:40:03.040Z,"3 km S of Umurbey, Turkey",earthquake,2.59,1.922,0.089,12,reviewed,us,us;
2025-04-25T17:33:16.251Z,40.8537,28.4298,10,4.3,mwr,83,30,1.266,0.43,us,us7000pv32,2025-07-11T15:46:20.040Z,"19 km SSW of Kumburgaz, Turkey",earthquake,4.92,1.862,0.071,19,reviewed,us,us;
2025-04-23T12:12:57.040Z,40.8489,28.2741,10,4.9,mww,59,33,1.181,0.56,us,us7000pugj,2025-08-21T11:27:51.218Z,"24 km SSW of Selimpaşa, Turkey",earthquake,5.86,1.871,0.08,15,reviewed,us,us;
2025-04-23T11:50:34.707Z,40.8719,28.2722,10,4,mb,20,120,1.198,0.59,us,us7000pugg,2025-07-11T15:46:18.040Z,"21 km SSW of Selimpaşa, Turkey",earthquake,6.46,1.955,0.184,8,reviewed,us,us;
2025-04-23T10:46:14.824Z,40.7814,28.3191,10,4.3,mb,32,38,1.155,0.45,us,us7000pug5,2025-07-11T15:46:18.040Z,"29 km SSW of Kumburgaz, Turkey",earthquake,4.3,1.936,0.188,8,reviewed,us,us;
2025-04-23T10:02:33.619Z,40.8888,28.4829,10,5,mb,185,27,1.319,0.64,us,us7000pufy,2025-07-11T15:46:18.040Z,"14 km S of Kumburgaz, Turkey",earthquake,4.03,1.808,0.046,151,reviewed,us,us;
2025-04-23T10:02:11.275Z,40.8412,28.4987,10,4.5,mb,46,46,1.295,0.48,us,us7000py7q,2025-07-17T09:58:58.912Z,"19 km SSW of Gürpınar, Turkey",earthquake,5.64,1.887,0.121,20,reviewed,us,us;
2025-04-23T10:01:04.034Z,40.8471,28.2332,10,4.5,mb,29,54,1.16,0.7,us,us7000pufv,2025-07-11T15:46:18.040Z,"25 km S of Silivri, Turkey",earthquake,4.09,1.911,0.192,8,reviewed,us,us;
2025-04-23T09:49:11.631Z,40.8342,28.1897,12.736,6.2,mww,275,17,1.129,0.51,us,us7000pufs,2026-01-23T14:33:14.791Z,"24 km SE of Marmara Ereğlisi, Turkey",earthquake,5.31,3.783,0.032,91,reviewed,us,us;
2023-12-17T20:53:53.586Z,40.73,29.0587,12.447,4.2,mb,37,38,1.363,1.08,us,us7000ljqy,2024-02-27T22:57:00.040Z,"10 km NNW of Çınarcık, Turkey",earthquake,4.4,5.101,0.186,8,reviewed,us,us;
2023-12-04T07:42:20.496Z,40.4371,28.848,10.117,5.1,mww,104,32,1.306,0.63,us,us7000lg2l,2025-08-21T11:14:47.813Z,"7 km NNW of Mudanya, Turkey",earthquake,4.14,3.646,0.071,19,reviewed,us,us;
2023-11-07T20:05:47.791Z,40.4965,27.5314,11.827,4.1,mb,20,88,0.58,0.5,us,us7000l9f2,2024-01-13T23:10:28.040Z,"10 km SSW of Marmara, Turkey",earthquake,3.06,4.207,0.212,7,reviewed,us,us;
2022-12-13T03:21:17.538Z,40.3585,27.0456,10,4.2,mwr,53,52,0.925,0.59,us,us6000j8xq,2023-02-18T22:04:07.040Z,"22 km NW of Biga, Turkey",earthquake,2.28,1.912,0.073,18,reviewed,us,us;
2022-12-03T04:59:21.398Z,40.7866,30.9174,10,4.2,mb,28,71,0.973,0.66,us,us6000j6il,2023-02-11T23:03:03.040Z,"14 km E of Hendek, Turkey",earthquake,4.06,1.568,0.264,4,reviewed,us,us;
2022-11-27T03:57:45.879Z,40.8448,31.01,10,4.5,mb,68,29,0.4,0.65,us,us7000isne,2023-02-05T23:24:12.040Z,"12 km W of Düzce, Turkey",earthquake,4.13,1.505,0.128,18,reviewed,us,us;
2022-11-23T03:50:58.216Z,40.8188,30.9274,10,4.4,mwr,52,34,0.404,0.63,us,us7000irqn,2023-01-30T06:01:05.040Z,"15 km E of Hendek, Turkey",earthquake,4.77,1.906,0.08,15,reviewed,us,us;
2022-11-23T01:08:15.435Z,40.8356,30.9831,10,6.1,mww,286,14,0.399,0.64,us,us7000irp8,2025-08-23T04:38:13.765Z,"15 km W of Düzce, Turkey",earthquake,5.05,1.647,0.052,35,reviewed,us,us;
2022-07-21T15:44:25.229Z,40.1461,27.3855,26.557,4.3,mwr,84,34,1.26,0.86,us,us7000hseh,2022-09-27T16:57:12.040Z,"15 km SE of Biga, Turkey",earthquake,3.82,4.788,0.068,21,reviewed,us,us;
2022-03-22T14:10:57.065Z,40.0699,28.6157,10,4.4,mb,,52,1.424,0.54,us,us6000h6mp,2022-05-28T18:35:24.040Z,"18 km E of Mustafakemalpa?a, Turkey",earthquake,4.2,1.8,0.178,11,reviewed,us,us;
2022-02-20T20:20:11.665Z,40.769,27.404,10,4.4,mb,,39,1.037,0.65,us,us7000gmhr,2022-05-04T13:39:02.040Z,"13 km SSW of Kumba?, Turkey",earthquake,2.3,2,0.189,8,reviewed,us,us;
2022-02-06T12:07:52.856Z,40.5313,28.9725,11,4.2,mb,,56,1.223,0.55,us,us7000gig8,2022-04-19T17:38:47.040Z,"11 km SSW of Kocadere, Turkey",earthquake,2.2,6.4,0.186,8,reviewed,us,us;
2021-11-17T12:40:16.760Z,40.8642,30.9954,7.19,4.8,mwr,,24,0.421,0.71,us,us7000futw,2025-12-22T22:15:09.273Z,"14 km W of Düzce, Turkey",earthquake,3.9,4.8,0.057,30,reviewed,us,us;
2020-09-24T13:38:30.435Z,40.8777,28.0878,10,4.4,mb,,65,1.237,1.22,us,us6000c0iv,2021-12-14T16:54:40.609Z,"15 km SE of Marmara Ere?lisi, Turkey",earthquake,3.9,1.9,0.219,6,reviewed,us,us;
2020-09-08T21:57:24.509Z,40.6937,27.3635,10,4.3,mb,,31,1.018,0.8,us,us7000bk2g,2020-11-17T19:44:57.040Z,"20 km NW of Marmara, Turkey",earthquake,2.4,1.9,0.142,14,reviewed,us,us;
2020-03-08T04:21:05.388Z,40.7105,29.2313,10,4.4,mb,,51,1.249,0.75,us,us60008bx1,2020-05-23T22:03:32.040Z,"7 km NNW of Yalova, Turkey",earthquake,4.1,1.9,0.203,7,reviewed,us,us;
2020-01-11T13:37:37.109Z,40.9289,28.2394,10,4.9,mb,,24,1.316,0.76,us,us70006ye3,2020-04-14T00:07:22.846Z,"16 km S of Silivri, Turkey",earthquake,5.5,1.9,0.047,140,reviewed,us,us;
2019-10-10T16:52:03.151Z,40.7283,29.2125,10,4.3,mb,,55,1.272,0.69,us,us70005t3c,2019-12-28T20:45:47.040Z,"9 km NNE of Koruköy, Turkey",earthquake,3.7,1.9,0.306,3,reviewed,us,us;
2019-09-26T20:20:18.595Z,40.8151,28.1964,10,4.3,mb,,46,1.632,0.56,us,us70005lyy,2019-12-20T19:02:59.040Z,"26 km SE of Marmara Ere?lisi, Turkey",earthquake,5.4,2,0.308,3,reviewed,us,us;
2019-09-26T20:02:41.002Z,40.849,28.1699,10,4.5,mb,,73,1.611,1.01,us,us70005s19,2019-12-20T19:04:23.040Z,"22 km SE of Marmara Ere?lisi, Turkey",earthquake,5.7,1.9,0.542,1,reviewed,us,us;
2019-09-26T11:26:37.619Z,40.8568,28.1814,10,4.4,mb,,56,1.619,0.81,us,us70005ll1,2019-12-20T19:02:49.040Z,"22 km ESE of Marmara Ere?lisi, Turkey",earthquake,5.6,1.9,0.19,8,reviewed,us,us;
2019-09-26T10:59:25.648Z,40.9035,28.1502,8,5.7,mww,,19,1.595,0.9,us,us70005lkl,2025-12-22T17:55:39.647Z,"17 km ESE of Marmara Ere?lisi, Turkey",earthquake,5.2,1.8,0.033,88,reviewed,us,us;
2019-09-24T08:00:24.160Z,40.8578,28.1454,10,4.9,mb,,39,1.592,1.23,us,us60005mmr,2025-08-06T11:10:54.040Z,"20 km SE of Marmara Ere?lisi, Turkey",earthquake,5.1,1.9,0.067,70,reviewed,us,us;
2019-06-02T13:08:47.500Z,40.7824,30.7838,5.39,4.5,mwr,,27,0.442,0.37,us,us70003uej,2019-08-24T21:17:49.040Z,"3 km ESE of Hendek, Turkey",earthquake,4.1,5.1,0.071,19,reviewed,us,us;
2019-04-12T13:03:48.107Z,40.7066,30.6426,10,4.4,mb,,53,0.483,0.87,us,us700034ym,2019-06-20T19:03:24.040Z,"2 km NE of Akyaz?, Turkey",earthquake,5.2,1.9,0.117,21,reviewed,us,us;
2019-02-19T21:33:56.760Z,40.375,27.0809,10,4.1,mb,,34,0.938,1.09,us,us2000jk8x,2019-05-11T17:40:41.040Z,"21 km NW of Biga, Turkey",earthquake,5.1,2,0.37,2,reviewed,us,us;
2018-12-20T06:34:25.190Z,40.6063,28.9761,10,4.3,mb,,24,0.714,0.67,us,us2000iv9d,2019-02-23T20:20:44.040Z,"5 km WSW of Kocadere, Turkey",earthquake,2.1,1.9,0.138,15,reviewed,us,us;
2018-11-30T02:36:35.720Z,40.595,28.955,10,4.2,mb,,44,1.713,1.19,us,us1000hy6z,2019-02-09T19:02:08.040Z,"7 km WSW of Kocadere, Turkey",earthquake,5.3,1.9,0.215,6,reviewed,us,us;
2017-12-31T20:12:02.880Z,40.5104,27.8564,11.78,4.3,mb,,96,0.869,0.5,us,us1000byld,2018-03-17T01:54:40.040Z,"13 km NNE of Erdek, Turkey",earthquake,4.1,8.4,0.53,1,reviewed,us,us;
2017-07-22T22:12:32.970Z,40.1102,27.1829,6.72,4.1,mb,,55,1.167,0.77,us,us20009zv8,2017-10-11T01:04:03.040Z,"14 km SSW of Biga, Turkey",earthquake,5.1,7.8,0.302,3,reviewed,us,us;
2016-10-16T14:11:25.790Z,40.8652,30.9058,10,4.3,mb,,88,0.451,1.15,us,us20007el8,2017-01-15T01:13:52.040Z,"15 km ENE of Hendek, Turkey",earthquake,4.7,2,0.265,4,reviewed,us,us;
2016-07-17T08:55:41.580Z,40.7118,29.18,7.4,4.2,mb,,,,0.65,us,us20006fbz,2016-09-17T01:27:48.040Z,"6 km NNE of Koruköy, Turkey",earthquake,5,5.3,0.305,3,reviewed,isk,us;
2016-06-25T05:40:11.000Z,40.7032,29.2147,6.8,4.1,mb,,,,0.83,us,us200066rf,2016-08-31T03:08:15.040Z,"6 km NE of Koruköy, Turkey",earthquake,5.2,5.7,0.158,11,reviewed,isk,us;
2016-06-07T04:09:45.810Z,40.2627,29.146,11.5,4.4,mwr,,,,0.88,us,us200062gc,2016-08-18T00:36:33.040Z,"4 km ESE of Demirta?, Turkey",earthquake,2.5,4.8,,,reviewed,isk,isk;
2016-01-01T09:11:14.070Z,40.053,30.527,5,4.1,mb,,,,0.58,us,us10004apx,2016-03-28T22:09:31.040Z,"5 km NW of Mihalgazi, Turkey",earthquake,5,4.2,0.185,9,reviewed,isk,us;
2015-11-16T15:45:44.660Z,40.8751,28.7644,9.27,4.4,mb,,54,1.407,0.76,us,us10003ypf,2022-08-01T18:08:07.598Z,"14 km SSE of Yakuplu, Turkey",earthquake,4.8,3.5,0.239,5,reviewed,us,us;
2015-10-28T16:20:02.050Z,40.82,27.765,12.7,4.4,mb,,,,0.84,us,us2000408w,2022-08-01T14:27:46.787Z,"23 km SW of Marmara Ere?lisi, Turkey",earthquake,6,5,0.169,10,reviewed,isk,us;
2015-01-23T10:19:42.130Z,40.065,28.587,5,4.2,mb,,,,1.01,us,usc000tijv,2022-07-27T16:08:04.932Z,"15 km E of Mustafakemalpa?a, Turkey",earthquake,4.4,4.2,0.146,13,reviewed,isk,us;
2014-12-16T09:02:13.760Z,40.148,27.074,8.8,4.4,mb,,,,1.15,us,usc000t797,2015-03-04T21:55:06.040Z,"12 km N of Çan, Turkey",earthquake,5.9,7.2,0.381,2,reviewed,isk,us;
2014-10-22T17:11:05.620Z,40.4047,30.1188,7.6,4.3,mwr,,,,1.07,us,usb000spt6,2022-07-27T05:35:57.080Z,"10 km ENE of Osmaneli, Turkey",earthquake,3.2,4.8,0.089,12,reviewed,isk,us;
2014-08-03T22:22:45.390Z,40.6243,29.2073,10.04,4,mb,,40,1.524,0.92,us,usb000rzq2,2022-08-07T00:53:33.636Z,"1 km WNW of Kad?köy, Turkey",earthquake,,5,0.126,17,reviewed,us,us;
2014-07-03T05:04:46.230Z,40.2083,27.9282,12.1,4.6,mwr,,,,0.77,us,usc000rpuu,2014-10-04T19:59:52.000Z,"16 km SSW of Band?rma, Turkey",earthquake,,4.7,0.065,23,reviewed,isk,us;
2013-11-27T04:21:35.490Z,40.8478,27.9123,7.4,4,mb,,,,0.92,us,usb000l75g,2014-02-12T01:08:34.000Z,"13 km SSW of Marmara Ere?lisi, Turkey",earthquake,,5.3,0.258,,reviewed,isk,us;
2013-11-27T04:13:37.390Z,40.851,27.9198,9.6,4.5,mb,,,,0.82,us,usb000l74s,2022-07-26T02:34:07.080Z,"13 km SSW of Marmara Ere?lisi, Turkey",earthquake,,4.4,0.151,,reviewed,isk,us;
2013-08-29T06:20:34.940Z,40.3423,27.4427,14.1,4.4,mb,,,,0.73,us,usb000jd1a,2013-11-06T01:33:32.000Z,"21 km NE of Biga, Turkey",earthquake,,2.6,0.379,,reviewed,us_isk,us;
2013-08-17T18:16:31.000Z,40.4095,29.1213,5.7,4.1,mb,,,,0.7,us,usb000j5ms,2013-10-19T02:41:48.000Z,"4 km SW of Gemlik, Turkey",earthquake,,6.3,0.198,,reviewed,us_isk,us;
2012-06-07T20:54:25.840Z,40.848,27.921,14.9,4.9,mb,208,30.6,,,us,usp000jmg2,2022-05-03T17:05:35.957Z,"13 km SSW of Marmara Ere?lisi, Turkey",earthquake,,,,51,reviewed,isk,us;
2011-08-16T17:30:06.730Z,40.439,28.895,5.1,4,ml,25,88.3,,,us,usp000j6ja,2014-11-07T01:45:37.345Z,"7 km N of Mudanya, Turkey",earthquake,,,,,reviewed,isk,isk;
2011-07-25T17:57:20.610Z,40.802,27.752,16.4,5.1,mwc,198,34.2,,,us,usp000j5g9,2022-04-08T22:22:01.435Z,"25 km SW of Marmara Ere?lisi, Turkey",earthquake,,,,,reviewed,isk,gcmt;
2011-07-11T16:09:12.960Z,40.247,29.954,5,4.5,mb,144,38.8,,,us,usp000j4ns,2015-03-24T02:08:27.963Z,"5 km W of Vezirhan, Turkey",earthquake,,,,25,reviewed,isk,us;
2011-01-20T02:09:37.000Z,40.71,29.763,11.8,4.1,mb,57,48.6,,,us,usp000htcm,2014-11-07T01:43:27.831Z,"1 km SE of Hal?dere, Turkey",earthquake,,,,4,reviewed,isk,us;
2010-12-31T20:57:36.720Z,40.597,27.367,8.6,4.5,ml,33,44.7,,,us,usp000hscm,2014-11-07T01:43:16.932Z,"15 km W of Marmara, Turkey",earthquake,,,,,reviewed,isk,the;
2010-10-03T17:49:02.960Z,40.847,28.11,11.2,4.4,mb,35,48.5,,,us,usp000hmjk,2014-11-07T01:42:38.493Z,"18 km SE of Marmara Ere?lisi, Turkey",earthquake,,,,5,reviewed,isk,us;
2010-06-11T10:56:44.000Z,40.43,28.925,12.1,4.3,ml,57,33,,,us,usp000hdud,2014-11-07T01:41:40.026Z,"7 km NNE of Mudanya, Turkey",earthquake,,,,,reviewed,isk,the;
2010-05-15T14:08:23.000Z,41.183,30.121,8.9,4.3,ml,45,54,,,us,usp000hcss,2014-11-07T01:41:29.464Z,"9 km W of Kefken, Turkey",earthquake,,,,,reviewed,isk,isk;
2009-08-08T13:52:38.310Z,40.322,27.367,6.7,4.3,mb,82,40.2,,1.3,us,usp000h03t,2022-07-15T15:26:36.628Z,"14 km NE of Biga, Turkey",earthquake,,13.7,,4,reviewed,us,us;
2009-01-24T15:58:38.000Z,40.798,27.785,11.2,4.6,ml,56,37.7,,,us,usp000gt21,2014-11-07T01:38:14.799Z,"Western Turkey",earthquake,,,,,reviewed,isk,the;
2008-10-05T06:04:05.000Z,40.65,29.017,8.5,4.1,ml,18,53.6,,,us,usp000gjc6,2014-11-07T01:37:23.826Z,"2 km NNW of Kocadere, Turkey",earthquake,,,,,reviewed,isk,isk;
2008-07-15T09:19:48.000Z,40.369,27.448,6,4.1,ml,18,93.4,,,us,usp000gc7w,2014-11-07T01:36:38.190Z,"23 km NE of Biga, Turkey",earthquake,,,,,reviewed,isk,isk;
2008-05-19T10:18:16.000Z,40.5,27.8,10,4,ml,6,296.2,,,us,usp000g784,2014-11-07T01:36:03.319Z,"11 km N of Erdek, Turkey",earthquake,,,,,reviewed,ath,ath;
2008-03-12T18:53:31.000Z,40.621,29.011,11.2,4.3,mb,176,24,,,us,usp000g1ba,2024-01-17T20:55:25.100Z,"1 km WSW of Kocadere, Turkey",earthquake,,,,16,reviewed,isk,us;
2007-08-18T07:37:39.900Z,40.569,27.01,18.6,4,ml,20,164.9,,,us,usp000fk3m,2014-11-07T01:33:18.824Z,"Western Turkey",earthquake,,,,,reviewed,the,the;
2007-01-28T18:06:59.000Z,40.586,28.39,6.4,4,ml,31,47.8,,,us,usp000f3u8,2014-11-07T01:31:28.526Z,"41 km N of Karacabey, Turkey",earthquake,,,,,reviewed,isk,the;
2006-12-19T19:15:37.000Z,40.391,28.321,11.1,4.6,mb,25,84.6,,,us,usp000f0k6,2014-11-07T01:31:10.032Z,"20 km N of Karacabey, Turkey",earthquake,,,,1,reviewed,isk,us;
2006-10-24T14:00:21.670Z,40.424,29.107,9.3,5,mwc,227,29.8,,1.15,us,usp000evxq,2022-07-14T09:12:26.819Z,"4 km W of Gemlik, Turkey",earthquake,,,,,reviewed,us,gcmt;
2006-10-20T18:15:26.140Z,40.236,28.059,10,4.8,mb,276,21.6,,1.28,us,usp000evmd,2022-07-14T09:17:30.587Z,"14 km SSE of Band?rma, Turkey",earthquake,,0,,79,reviewed,us,us;
2006-02-08T04:07:41.620Z,40.704,30.352,8.8,4.6,mb,75,61.3,,,us,usp000e9rd,2014-11-07T01:28:17.355Z,"7 km E of Sapanca, Turkey",earthquake,,,,8,reviewed,isk,us;
2005-11-04T20:12:08.000Z,40.7,27.298,12.7,4.1,ml,32,50.2,,,us,usp000e3gp,2014-11-07T01:27:35.963Z,"24 km SW of Kumba?, Turkey",earthquake,,,,,reviewed,isk,isk;
2004-09-29T15:42:07.670Z,40.781,29.02,12.5,4,ml,48,48.4,,,us,usp000d5at,2014-11-07T01:23:35.183Z,"12 km SSW of Adalan, Turkey",earthquake,,,,,reviewed,isk,isk;
2004-05-31T22:50:08.300Z,40.511,30.603,8,4,ml,60,65.5,,,us,usp000cws5,2014-11-07T01:22:26.795Z,"15 km SSE of Karapürçek, Turkey",earthquake,,,,,reviewed,isk,isk;
2004-05-16T03:30:48.790Z,40.696,29.322,11,4.4,mb,174,13.7,,,us,usp000cv63,2014-11-07T01:22:19.425Z,"3 km N of Çiftlikköy, Turkey",earthquake,,,,15,reviewed,isk,us;
2004-04-19T15:27:16.570Z,40.608,27.703,16,4.1,mb,70,27.2,,,us,usp000csxq,2014-11-07T01:22:02.456Z,"12 km E of Marmara, Turkey",earthquake,,,,8,reviewed,isk,us;
2003-07-25T07:21:27.070Z,40.487,30.894,10,4.3,mb,10,116.9,,1.45,us,usp000c39x,2014-11-07T01:19:17.459Z,"13 km NE of Göynük, Turkey",earthquake,,,,1,reviewed,us,us;
2003-06-09T17:47:05.650Z,40.247,27.941,15.5,4.1,ml,10,111.5,,,us,usp000bzgf,2014-11-07T01:18:53.225Z,"12 km SSW of Band?rma, Turkey",earthquake,,,,,reviewed,isk,isk;
2003-06-09T17:44:03.030Z,40.242,28.02,10,4.5,mb,216,77,,1.26,us,usp000bzge,2014-11-07T01:18:53.205Z,"12 km SSE of Band?rma, Turkey",earthquake,,,,71,reviewed,us,us;
2003-05-21T08:21:50.350Z,40.824,30.965,8.3,4.2,mb,83,34.6,,,us,usp000bxnn,2014-11-07T01:18:39.530Z,"16 km W of Düzce, Turkey",earthquake,,,,17,reviewed,isk,us;
2003-04-01T07:51:08.890Z,40.771,30.726,10,4.1,mb,37,163.6,,1.01,us,usp000bu30,2014-11-07T01:18:13.271Z,"3 km SSW of Hendek, Turkey",earthquake,,,,6,reviewed,us,us;
2003-03-09T19:01:28.320Z,40.418,30.885,10,4,mb,23,236.7,,1.08,us,usp000bsa2,2014-11-07T01:18:02.662Z,"8 km ENE of Göynük, Turkey",earthquake,,,,7,reviewed,us,us;
2002-03-23T02:36:10.540Z,40.859,27.85,10,4.1,mb,81,,,1.1,us,usp000b0vw,2014-11-07T01:15:13.059Z,"15 km SW of Marmara Ere?lisi, Turkey",earthquake,,,,34,reviewed,us,us;
2001-02-01T09:58:50.000Z,40.1,27.75,25,4,ml,31,,,,us,usp000a8u8,2014-11-07T01:12:02.994Z,"8 km E of Gönen, Turkey",earthquake,,,,,reviewed,ath,the;
2000-08-23T13:41:28.140Z,40.68,30.72,15.3,5.3,mwc,352,,,,us,usp0009z1g,2022-04-29T18:51:00.127Z,"8 km E of Akyaz?, Turkey",earthquake,,,,,reviewed,isk,hrv;
2000-07-07T00:15:30.990Z,40.837,29.218,8.8,4.2,mb,89,,,,us,usp0009vyh,2020-07-08T00:58:03.760Z,"7 km W of ?çmeler, Turkey",earthquake,,,,34,reviewed,isk,us;
2000-04-15T11:03:32.710Z,40.592,27.942,10,4,md,,,,1.26,us,usp0009ray,2014-11-07T01:09:54.100Z,"24 km NNE of Erdek, Turkey",earthquake,,,,,reviewed,us,ath;
2000-04-02T18:57:38.300Z,40.803,30.244,7,4.6,mb,,,,,us,usp0009qqa,2014-11-07T01:09:50.499Z,"12 km N of Sapanca, Turkey",earthquake,,,,46,reviewed,isk,us;
2000-01-31T14:38:51.280Z,40.713,29.345,10,4.1,mb,,,,1.29,us,usp0009mw9,2014-11-07T01:09:22.981Z,"5 km NW of Ta?köprü, Turkey",earthquake,,,,14,reviewed,us,us;
1999-12-20T03:27:19.940Z,40.785,30.873,10,4.3,mb,,,,1.2,us,usp0009k1m,2014-11-07T01:09:10.274Z,"10 km E of Hendek, Turkey",earthquake,,,,27,reviewed,us,us;
1999-12-13T19:13:37.560Z,40.734,30.756,10,4.3,mb,,,,1.14,us,usp0009juc,2014-11-07T01:09:09.383Z,"Western Turkey",earthquake,,,,13,reviewed,us,us;
1999-11-21T04:31:42.800Z,40.783,30.804,10,4.2,mb,,,,1.01,us,usp0009hxd,2014-11-07T01:08:59.349Z,"5 km ESE of Hendek, Turkey",earthquake,,,,2,reviewed,us,us;
1999-11-19T19:59:07.960Z,40.809,30.967,6.7,4.8,mb,,,,,us,usp0009hv2,2014-11-07T01:08:59.095Z,"16 km WSW of Düzce, Turkey",earthquake,,,,52,reviewed,isk,us;
1999-11-19T14:01:14.670Z,40.797,30.734,10,4.1,mb,,,,0.67,us,usp0009huk,2014-11-07T01:08:59.055Z,"1 km WSW of Hendek, Turkey",earthquake,,,,10,reviewed,us,us;
1999-11-15T16:26:58.620Z,40.771,30.851,10,4,mb,,,,1.32,us,usp0009hp7,2014-11-07T01:08:58.345Z,"Western Turkey",earthquake,,,,3,reviewed,us,us;
1999-11-13T09:59:23.030Z,40.784,30.962,10,4.1,mb,,,,0.76,us,usp0009hhf,2014-11-07T01:08:57.834Z,"Western Turkey",earthquake,,,,8,reviewed,us,us;
1999-11-12T22:49:29.810Z,40.684,30.871,10,4.1,mb,,,,1.09,us,usp0009hgf,2014-11-07T01:08:57.740Z,"16 km SE of Hendek, Turkey",earthquake,,,,4,reviewed,us,us;
1999-11-12T17:46:56.820Z,40.732,30.953,10,4.5,mb,,,,1.19,us,usp0009hf4,2014-11-07T01:08:57.607Z,"18 km ESE of Hendek, Turkey",earthquake,,,,27,reviewed,us,us;
1999-11-12T17:16:50.120Z,40.755,31.022,10,4.8,mb,,,,1.02,us,usp0009hez,2014-11-07T01:08:57.568Z,"15 km SW of Düzce, Turkey",earthquake,,,,30,reviewed,us,us;
1999-11-11T14:55:24.320Z,40.784,30.448,10,4.1,mb,,,,1.27,us,usp0009hd6,2014-11-07T01:08:57.118Z,"3 km E of Adapazar?, Turkey",earthquake,,,,12,reviewed,us,us;
1999-11-11T14:41:25.610Z,40.744,30.266,22,5.7,mwb,,,,,us,usp0009hd3,2022-04-29T18:11:00.581Z,"5 km N of Sapanca, Turkey",earthquake,,,,,reviewed,isk,us;
1999-11-07T17:06:06.080Z,40.738,30.751,10,4.2,mb,,,,1.18,us,usp0009h7w,2014-11-07T01:08:55.708Z,"6 km S of Hendek, Turkey",earthquake,,,,16,reviewed,us,us;
1999-11-07T16:54:41.730Z,40.693,30.725,10,5,mwc,,,,1.14,us,usp0009h7v,2020-09-15T21:02:46.744Z,"8 km E of Akyaz?, Turkey",earthquake,,,,,reviewed,us,hrv;
1999-10-20T23:08:19.540Z,40.77,29.087,10,4.6,mb,,,,1.27,us,usp0009gax,2014-11-07T01:08:45.133Z,"11 km SSW of Adalar, Turkey",earthquake,,,,42,reviewed,us,us;
1999-09-29T00:13:05.580Z,40.739,29.346,10,5.2,mwc,,,,1.23,us,usp0009f5w,2022-04-29T18:19:07.304Z,"8 km NNW of Ta?köprü, Turkey",earthquake,,,,,reviewed,us,hrv;
1999-09-20T21:27:59.200Z,40.644,27.589,10,4.8,mb,,,,1.18,us,usp0009era,2014-11-07T01:08:30.714Z,"7 km NNE of Marmara, Turkey",earthquake,,,,56,reviewed,us,us;
1999-09-19T20:26:35.770Z,40.636,30.527,10,4.3,mb,,,,1.02,us,usp0009enx,2014-11-07T01:08:30.290Z,"1 km WSW of Karapürçek, Turkey",earthquake,,,,11,reviewed,us,us;
1999-09-18T00:48:24.660Z,40.607,29.297,10,4.5,mb,,,,1.05,us,usp0009ejt,2014-11-07T01:08:29.881Z,"5 km SSE of Yalova, Turkey",earthquake,,,,47,reviewed,us,us;
1999-09-17T19:50:04.880Z,40.711,30.154,10,4.3,mb,,,,1.08,us,usp0009ejg,2014-11-07T01:08:29.636Z,"9 km WNW of Sapanca, Turkey",earthquake,,,,21,reviewed,us,us;
1999-09-13T11:55:28.180Z,40.709,30.045,13,5.9,mwb,,,,0.93,us,usp0009ede,2022-04-29T18:17:56.667Z,"4 km SE of Köseköy, Turkey",earthquake,,,,,reviewed,us,us;
1999-09-09T01:32:08.120Z,40.718,29.144,13.1,5,mb,,,,,us,usp0009e74,2014-11-07T01:08:27.645Z,"7 km NNW of Koruköy, Turkey",earthquake,,,,4,reviewed,isk,us;
1999-09-06T06:33:22.550Z,40.542,29.985,10,4,mb,,,,1.09,us,usp0009e2p,2014-11-07T01:08:26.729Z,"15 km SSE of Bahçecik, Turkey",earthquake,,,,13,reviewed,us,us;
1999-09-04T10:30:46.410Z,40.741,30.032,17.3,4,mb,,,,,us,usp0009e0f,2014-11-07T01:08:26.074Z,"2 km E of Köseköy, Turkey",earthquake,,,,2,reviewed,isk,us;
1999-09-02T14:25:19.870Z,40.563,30.532,10,4,mb,,,,1.14,us,usp0009dy1,2014-11-07T01:08:25.276Z,"8 km S of Karapürçek, Turkey",earthquake,,,,9,reviewed,us,us;
1999-08-31T22:28:34.190Z,40.555,29.13,10,4.2,mb,,,,1.27,us,usp0009dw6,2014-11-07T01:08:21.531Z,"9 km NNE of Küçükkumla, Turkey",earthquake,,,,29,reviewed,us,us;
1999-08-31T08:33:23.830Z,40.708,29.954,10,4.5,mb,,,,1.13,us,usp0009dv9,2014-11-07T01:08:21.441Z,"1 km NNE of Kar??yaka, Turkey",earthquake,,,,76,reviewed,us,us;
1999-08-31T08:10:49.530Z,40.711,29.949,10,5.2,mwc,,,,1.04,us,usp0009dv7,2022-04-29T18:17:12.787Z,"2 km NNE of Kar??yaka, Turkey",earthquake,,,,,reviewed,us,hrv;
1999-08-26T17:49:38.080Z,40.744,30.016,10,4.8,mb,,,,1.08,us,usp0009dpe,2014-11-07T01:08:20.205Z,"0 km ENE of Köseköy, Turkey",earthquake,,,,1,reviewed,us,us;
1999-08-24T18:58:57.490Z,40.659,30.16,10,4.2,mb,,,,1.24,us,usp0009dk4,2014-11-07T01:08:19.782Z,"9 km WSW of Sapanca, Turkey",earthquake,,,,2,reviewed,us,us;
1999-08-23T21:54:51.570Z,40.615,29.162,10,4.1,mb,,,,1.07,us,usp0009dj1,2014-11-07T01:08:19.563Z,"4 km S of Koruköy, Turkey",earthquake,,,,5,reviewed,us,us;
1999-08-22T14:30:58.860Z,40.638,30.773,10,4.5,mb,,,,1,us,usp0009dg7,2014-11-07T01:08:19.352Z,"13 km ESE of Akyaz?, Turkey",earthquake,,,,48,reviewed,us,us;
1999-08-20T15:59:01.980Z,40.753,30.819,10,4.2,mb,,,,1.15,us,usp0009dd3,2014-11-07T01:08:18.310Z,"7 km SE of Hendek, Turkey",earthquake,,,,20,reviewed,us,us;
1999-08-20T10:00:16.810Z,40.573,30.677,10,4.3,mb,,,,1.05,us,usp0009dcf,2014-11-07T01:08:18.197Z,"13 km SSE of Akyaz?, Turkey",earthquake,,,,22,reviewed,us,us;
1999-08-20T09:48:36.740Z,40.694,29.708,10,4,mb,,,,1.49,us,usp0009dcd,2014-11-07T01:08:18.193Z,"1 km SE of Ula?l?, Turkey",earthquake,,,,2,reviewed,us,us;
1999-08-20T09:28:54.780Z,40.58,29.274,10,4.5,mb,,,,1.12,us,usp0009dcb,2014-11-07T01:08:18.181Z,"6 km SE of Kad?köy, Turkey",earthquake,,,,33,reviewed,us,us;
1999-08-20T00:03:01.960Z,40.72,29.994,10,4.1,mb,,,,1.19,us,usp0009dbt,2014-11-07T01:08:17.932Z,"0 km SE of Kullar, Turkey",earthquake,,,,13,reviewed,us,us;
1999-08-19T15:17:45.040Z,40.618,29.138,10,5.2,mwc,,,,1.19,us,usp0009daz,2022-04-29T17:49:28.173Z,"3 km SSE of Ç?narc?k, Turkey",earthquake,,,,,reviewed,us,hrv;
1999-08-19T14:15:58.840Z,40.608,29.2,10,4.5,mb,,,,1.35,us,usp0009dav,2014-11-07T01:08:17.608Z,"2 km WSW of Kad?köy, Turkey",earthquake,,,,39,reviewed,us,us;
1999-08-19T13:04:12.540Z,40.619,30.769,10,4.7,mb,,,,1.22,us,usp0009dat,2014-11-07T01:08:17.593Z,"14 km ESE of Akyaz?, Turkey",earthquake,,,,59,reviewed,us,us;
1999-08-18T15:34:15.760Z,40.862,30.675,10,4,mb,,,,1.1,us,usp0009d9n,2014-11-07T01:08:17.435Z,"9 km NW of Hendek, Turkey",earthquake,,,,3,reviewed,us,us;
1999-08-18T01:04:24.490Z,40.649,30.915,10,4.1,mb,,,,0.94,us,usp0009d8k,2014-11-07T01:08:17.326Z,"21 km SE of Hendek, Turkey",earthquake,,,,20,reviewed,us,us;
1999-08-17T22:12:47.950Z,40.759,30.588,6.1,4.2,mb,,,,,us,usp0009d89,2014-11-07T01:08:17.296Z,"8 km NNW of Akyaz?, Turkey",earthquake,,,,3,reviewed,isk,us;
1999-08-17T21:47:38.840Z,40.763,30.079,10,4.1,mb,,,,1.18,us,usp0009d88,2014-11-07T01:08:17.294Z,"6 km ENE of Köseköy, Turkey",earthquake,,,,2,reviewed,us,us;
1999-08-17T18:35:24.140Z,40.597,29.086,10,4,md,,,,1.04,us,usp0009d7x,2014-11-07T01:08:17.264Z,"5 km SE of Kocadere, Turkey",earthquake,,,,,reviewed,us,isk;
1999-08-17T11:58:08.740Z,40.631,30.668,10,4.4,mb,,,,0.96,us,usp0009d75,2014-11-07T01:08:17.172Z,"7 km SSE of Akyaz?, Turkey",earthquake,,,,21,reviewed,us,us;
1999-08-17T11:36:43.290Z,40.568,30.197,10,4,mb,,,,1.37,us,usp0009d74,2014-11-07T01:08:17.170Z,"7 km NNE of Pamukova, Turkey",earthquake,,,,3,reviewed,us,us;
1999-08-17T10:46:41.310Z,40.711,29.942,10,4.5,mb,,,,0.68,us,usp0009d72,2014-11-07T01:08:17.167Z,"1 km N of Kar??yaka, Turkey",earthquake,,,,1,reviewed,us,us;
1999-08-17T09:31:56.560Z,40.902,30.261,10,4.1,mb,,,,1.52,us,usp0009d6y,2014-11-07T01:08:17.153Z,"14 km SSW of Kaynarca, Turkey",earthquake,,,,10,reviewed,us,us;
1999-08-17T08:11:19.530Z,40.655,30.741,10,4.1,mb,,,,0.97,us,usp0009d6u,2014-11-07T01:08:17.138Z,"10 km ESE of Akyaz?, Turkey",earthquake,,,,11,reviewed,us,us;
1999-08-17T08:09:19.220Z,40.676,30.84,10,4.3,mb,,,,1.19,us,usp0009d6t,2014-11-07T01:08:17.135Z,"15 km SSE of Hendek, Turkey",earthquake,,,,14,reviewed,us,us;
1999-08-17T07:21:02.200Z,40.741,30.753,10,4.2,mb,,,,0.98,us,usp0009d6q,2014-11-07T01:08:17.129Z,"6 km S of Hendek, Turkey",earthquake,,,,3,reviewed,us,us;
1999-08-17T06:35:19.030Z,40.674,30.651,10,4.6,mb,,,,0.97,us,usp0009d6n,2014-11-07T01:08:17.124Z,"2 km ESE of Akyaz?, Turkey",earthquake,,,,5,reviewed,us,us;
1999-08-17T06:35:01.040Z,40.644,30.617,10,4,mb,,,,1.05,us,usp0009d6m,2014-11-07T01:08:17.122Z,"4 km S of Akyaz?, Turkey",earthquake,,,,7,reviewed,us,us;
1999-08-17T06:01:32.550Z,40.736,29.964,10,4,mb,,,,0.96,us,usp0009d6g,2014-11-07T01:08:17.108Z,"2 km WNW of Kullar, Turkey",earthquake,,,,13,reviewed,us,us;
1999-08-17T05:45:22.410Z,40.739,30.203,10,4.1,mb,,,,1.36,us,usp0009d6c,2014-11-07T01:08:17.099Z,"7 km NW of Sapanca, Turkey",earthquake,,,,12,reviewed,us,us;
1999-08-17T05:10:08.440Z,40.845,30.347,10,4.6,mb,,,,1.05,us,usp0009d6b,2014-11-07T01:08:17.089Z,"8 km NNW of Adapazar?, Turkey",earthquake,,,,60,reviewed,us,us;
1999-08-17T04:44:15.970Z,40.882,30.833,10,4.2,mb,,,,0.84,us,usp0009d69,2014-11-07T01:08:17.079Z,"11 km NE of Hendek, Turkey",earthquake,,,,16,reviewed,us,us;
1999-08-17T04:39:58.130Z,40.739,30.408,10,4.1,mb,,,,0.99,us,usp0009d68,2014-11-07T01:08:17.074Z,"4 km S of Adapazar?, Turkey",earthquake,,,,25,reviewed,us,us;
1999-08-17T04:20:16.750Z,40.585,30.466,10,4.5,mb,,,,1.24,us,usp0009d63,2014-11-07T01:08:17.049Z,"8 km SW of Karapürçek, Turkey",earthquake,,,,42,reviewed,us,us;
1999-08-17T04:14:22.950Z,40.694,29.194,10,4.2,mb,,,,1.36,us,usp0009d61,2014-11-07T01:08:17.044Z,"5 km NNE of Koruköy, Turkey",earthquake,,,,21,reviewed,us,us;
1999-08-17T03:43:05.510Z,40.727,30.389,10,4.1,mb,,,,0.94,us,usp0009d5y,2014-11-07T01:08:17.034Z,"6 km SSW of Adapazar?, Turkey",earthquake,,,,24,reviewed,us,us;
1999-08-17T03:23:14.620Z,40.755,30.3,10,4.2,mb,,,,1,us,usp0009d5x,2014-11-07T01:08:17.030Z,"7 km NNE of Sapanca, Turkey",earthquake,,,,23,reviewed,us,us;
1999-08-17T03:14:00.370Z,40.616,30.688,10,5.1,mb,,,,1.03,us,usp0009d5w,2022-04-29T18:16:23.849Z,"9 km SE of Akyaz?, Turkey",earthquake,,,,91,reviewed,us,us;
1999-08-17T03:08:13.930Z,40.693,30.96,10,4,mb,,,,1.22,us,usp0009d5v,2014-11-07T01:08:17.009Z,"21 km ESE of Hendek, Turkey",earthquake,,,,19,reviewed,us,us;
1999-08-17T02:50:45.430Z,40.715,30.113,10,4.9,mb,,,,1.08,us,usp0009d5t,2022-04-29T18:16:22.724Z,"9 km ESE of Köseköy, Turkey",earthquake,,,,57,reviewed,us,us;
1999-08-17T02:42:55.470Z,40.561,30.648,10,4.8,mb,,,,1.14,us,usp0009d5s,2022-04-29T18:16:21.579Z,"12 km SE of Karapürçek, Turkey",earthquake,,,,77,reviewed,us,us;
1999-08-17T02:34:53.190Z,40.643,30.708,10,4.5,mb,,,,1.23,us,usp0009d5r,2014-11-07T01:08:16.967Z,"8 km ESE of Akyaz?, Turkey",earthquake,,,,34,reviewed,us,us;
1999-08-17T02:26:14.960Z,40.752,30.979,10,4.1,mb,,,,0.98,us,usp0009d5q,2014-11-07T01:08:16.965Z,"18 km WSW of Düzce, Turkey",earthquake,,,,15,reviewed,us,us;
1999-08-17T02:23:13.720Z,40.709,29.11,10,4.2,mb,,,,1.48,us,usp0009d5p,2014-11-07T01:08:16.962Z,"7 km N of Ç?narc?k, Turkey",earthquake,,,,14,reviewed,us,us;
1999-08-17T01:47:05.350Z,40.96,28.985,10,4,mb,,,,1.09,us,usp0009d5g,2014-11-07T01:08:16.949Z,"6 km S of Eminönü, Turkey",earthquake,,,,4,reviewed,us,us;
1999-08-17T01:36:34.890Z,40.594,30.717,10,4,mb,,,,1.23,us,usp0009d5f,2014-11-07T01:08:16.947Z,"12 km SE of Akyaz?, Turkey",earthquake,,,,12,reviewed,us,us;
1999-08-17T01:33:07.400Z,40.648,29.117,10,4.6,mb,,,,1.32,us,usp0009d5e,2014-11-07T01:08:16.938Z,"0 km WNW of Ç?narc?k, Turkey",earthquake,,,,41,reviewed,us,us;
1999-08-17T01:31:57.420Z,40.7,29.061,10,4.2,mb,,,,1.53,us,usp0009d5d,2014-11-07T01:08:16.933Z,"8 km NW of Ç?narc?k, Turkey",earthquake,,,,25,reviewed,us,us;
1999-08-17T01:07:52.060Z,40.7,30.018,10,4.6,mb,,,,1.13,us,usp0009d5c,2014-11-07T01:08:16.920Z,"3 km SE of Kullar, Turkey",earthquake,,,,58,reviewed,us,us;
1999-08-17T00:57:42.390Z,40.711,29.801,10,4.1,mb,,,,1.01,us,usp0009d5b,2014-11-07T01:08:16.916Z,"1 km WSW of Gölcük, Turkey",earthquake,,,,30,reviewed,us,us;
1999-08-17T00:47:00.320Z,40.696,30.547,10,4,mb,,,,1.25,us,usp0009d5a,2014-11-07T01:08:16.914Z,"6 km N of Karapürçek, Turkey",earthquake,,,,11,reviewed,us,us;
1999-08-17T00:44:21.430Z,40.654,30.646,10,4.4,mb,,,,1.14,us,usp0009d59,2014-11-07T01:08:16.910Z,"3 km SSE of Akyaz?, Turkey",earthquake,,,,28,reviewed,us,us;
1999-08-17T00:34:48.120Z,40.722,29.947,10,4.1,mb,,,,1.36,us,usp0009d58,2014-11-07T01:08:16.908Z,"Western Turkey",earthquake,,,,8,reviewed,us,us;
1999-08-17T00:21:05.490Z,40.653,30.435,10,4.6,mb,,,,1.02,us,usp0009d54,2014-11-07T01:08:16.900Z,"8 km W of Karapürçek, Turkey",earthquake,,,,15,reviewed,us,us;
1999-08-17T00:16:26.150Z,40.741,29.97,10,5,mb,,,,1.3,us,usp0009d53,2014-11-07T01:08:16.895Z,"2 km NW of Kullar, Turkey",earthquake,,,,38,reviewed,us,us;
1999-08-17T00:15:17.720Z,40.648,30.751,10,4.9,mb,,,,1.45,us,usp0009d52,2014-11-07T01:08:16.893Z,"11 km ESE of Akyaz?, Turkey",earthquake,,,,12,reviewed,us,us;
1999-08-17T00:01:39.130Z,40.748,29.864,17,7.6,mwc,,,,1.27,us,usp0009d4z,2022-04-29T18:16:20.188Z,"4 km ESE of Derince, Turkey",earthquake,,,,,reviewed,us,hrv;
1997-10-21T10:49:32.630Z,40.676,30.559,10,4.1,mb,,,,1.24,us,usp00089dk,2014-11-07T01:03:44.688Z,"4 km NNE of Karapürçek, Turkey",earthquake,,,,11,reviewed,us,us;
1996-04-14T08:31:04.480Z,40.706,27.614,10,4,mb,,,,1.3,us,usp0007g5y,2014-11-07T01:00:16.997Z,"14 km NNE of Marmara, Turkey",earthquake,,,,15,reviewed,us,us;
1995-10-28T10:44:59.110Z,40.831,27.959,10,4,mb,,,,1,us,usp00075wh,2014-11-07T00:59:01.790Z,"15 km S of Marmara Ere?lisi, Turkey",earthquake,,,,1,reviewed,us,us;
1995-08-19T19:57:15.410Z,40.343,29.644,33,4.1,mb,,,,1.3,us,usp000724d,2014-11-07T00:58:33.781Z,"5 km SE of Göllüce, Turkey",earthquake,,,,42,reviewed,us,us;
1995-04-18T05:36:01.970Z,40.856,27.707,10,4.5,mb,,,,1.1,us,usp0006vup,2014-11-07T00:57:43.385Z,"21 km E of Kumba?, Turkey",earthquake,,,,41,reviewed,us,us;
1995-04-13T04:08:01.620Z,40.856,27.672,23.6,4.7,mb,,,,1,us,usp0006vjv,2014-11-07T00:57:41.575Z,"18 km E of Kumba?, Turkey",earthquake,,,,65,reviewed,us,us;
1995-02-08T21:24:53.520Z,40.822,27.774,23.3,4.5,mb,,,,0.9,us,usp0006skp,2014-11-07T00:57:18.254Z,"22 km SW of Marmara Ere?lisi, Turkey",earthquake,,2.8,,23,reviewed,us,us;
1994-04-06T15:33:08.190Z,40.064,28.091,10,4,ml,,,,0.6,us,usp0006ar2,2014-11-07T00:55:16.644Z,"10 km E of Manyas, Turkey",earthquake,,,,,reviewed,us,the;
1994-03-28T16:59:00.550Z,40.395,29.975,19.9,4,mb,,,,1,us,usp0006aan,2014-11-07T00:55:11.384Z,"Western Turkey",earthquake,,4.4,,6,reviewed,us,us;
1994-02-21T04:36:21.000Z,40.203,29.319,4.7,4,mb,,,,0.8,us,usp00068tq,2014-11-07T00:55:00.551Z,"9 km E of Kestel, Turkey",earthquake,,2.3,,6,reviewed,us,us;
1994-01-26T03:21:39.060Z,40.723,27.335,10,4,ml,,,,1,us,usp00067f5,2014-11-07T00:54:50.651Z,"20 km SSW of Kumba?, Turkey",earthquake,,,,,reviewed,us,the;
1994-01-22T07:48:45.290Z,40.773,27.493,10,4,ml,,,,0.6,us,usp000677a,2014-11-07T00:54:49.793Z,"12 km SSE of Kumba?, Turkey",earthquake,,,,,reviewed,us,the;
1993-12-12T17:21:26.200Z,41.514,28.823,27.6,4.8,mb,,,,1,us,usp000651y,2014-11-07T00:54:35.524Z,"26 km NNE of Durusu, Turkey",earthquake,,,,20,reviewed,us,us;
1993-09-25T09:39:10.900Z,40.067,27.185,10,4.1,ml,,,,0.8,us,usp000610n,2014-11-07T00:54:02.652Z,"11 km ENE of Çan, Turkey",earthquake,,,,,reviewed,us,ath;
1993-09-02T21:03:41.590Z,40.19,27.263,13.7,4.4,ml,,,,0.9,us,usp0005zng,2014-11-07T00:53:53.984Z,"Western Turkey",earthquake,,2.1,,,reviewed,us,the;
1993-03-18T07:51:38.130Z,40.429,27.986,10,4.3,mb,,,,1,us,usp0005pqv,2014-11-07T00:52:36.268Z,"8 km N of Band?rma, Turkey",earthquake,,,,23,reviewed,us,us;
1993-03-18T07:22:45.270Z,40.405,27.952,11.7,4,ml,,,,0.9,us,usp0005pqt,2014-11-07T00:52:36.262Z,"6 km NNW of Band?rma, Turkey",earthquake,,3.9,,,reviewed,us,the;
1993-03-18T07:19:39.580Z,40.388,27.98,13.9,4,mb,,,,1,us,usp0005pqs,2014-11-07T00:52:36.254Z,"3 km N of Band?rma, Turkey",earthquake,,1.9,,9,reviewed,us,us;
1992-04-05T00:48:02.430Z,40.854,27.903,25.9,4,mb,,,,1.4,us,usp00055bk,2014-11-07T00:50:24.754Z,"13 km SSW of Marmara Ere?lisi, Turkey",earthquake,,10.4,,1,reviewed,us,us;
1992-03-22T16:52:24.260Z,40.186,28.34,19.1,4.8,mb,,,,1.1,us,usp00054pg,2022-04-28T18:52:53.922Z,"3 km SSW of Karacabey, Turkey",earthquake,,,,60,reviewed,us,us;
1991-03-08T09:23:13.110Z,40.828,27.892,11.3,4.5,mb,,,,0.8,us,usp0004ntg,2014-11-07T00:48:10.502Z,"16 km SSW of Marmara Ere?lisi, Turkey",earthquake,,1.8,,1,reviewed,us,us;
1991-03-03T08:39:26.480Z,40.623,29.017,21,4.5,mb,,,,1.1,us,usp0004nme,2014-11-07T00:48:09.109Z,"1 km SW of Kocadere, Turkey",earthquake,,2.4,,35,reviewed,us,us;
1991-02-12T09:54:58.390Z,40.816,28.878,10,4.8,mb,,,,1.3,us,usp0004muy,2020-08-29T00:30:54.679Z,"18 km SW of K?nal?, Turkey",earthquake,,,,43,reviewed,us,us;
1991-01-07T05:15:15.350Z,40.687,28.556,19.1,4,md,,,,0.8,us,usp0004kb0,2014-11-07T00:47:47.706Z,"33 km SSW of Beylikdüzü, Turkey",earthquake,,2.8,,,reviewed,us,isk;
1989-01-27T09:48:36.000Z,40.42,29.251,21.6,4.1,mb,,,,1.1,us,usp0003r98,2014-11-07T00:43:29.180Z,"5 km E of Umurbey, Turkey",earthquake,,4.7,,3,reviewed,us,us;
1988-04-24T20:49:33.600Z,40.857,28.227,15.6,5.3,mw,,,,1.2,us,usp0003fax,2022-04-28T20:50:12.025Z,"24 km S of Silivri, Turkey",earthquake,,3.1,,,reviewed,us,hrv;
1988-01-01T12:21:51.540Z,40.124,29.24,10,4.5,mb,,,,1,us,usp0003bqg,2014-11-07T00:41:27.186Z,"8 km SSE of Kestel, Turkey",earthquake,,,,1,reviewed,us,us;
1987-10-27T03:15:30.260Z,40.425,28.436,17.2,4.3,mb,,,,1,us,usp00039n6,2014-11-07T00:41:07.349Z,"24 km NNE of Karacabey, Turkey",earthquake,,2.9,,20,reviewed,us,us;
1987-09-03T16:24:53.500Z,40.489,29.263,11.4,4.1,mb,,,,1.3,us,usp000382b,2014-11-07T00:40:54.061Z,"3 km W of Orhangazi, Turkey",earthquake,,3.3,,5,reviewed,us,us;
1986-10-26T04:49:31.790Z,40.751,28.994,31.5,4.1,ml,,,,1.1,us,usp0002zc5,2014-11-07T00:39:11.873Z,"13 km NNW of Kocadere, Turkey",earthquake,,7.1,,,reviewed,us,ath;
1986-09-12T10:34:51.200Z,40.251,27.33,10,4.1,ml,,,,0.7,us,usp0002y0k,2014-11-07T00:39:00.162Z,"7 km ENE of Biga, Turkey",earthquake,,,,,reviewed,us,ath;
1986-06-27T18:33:37.170Z,40.889,28.285,9.6,4.1,mb,,,,1,us,usp0002vfp,2014-11-07T00:38:35.280Z,"19 km SSW of Selimpa?a, Turkey",earthquake,,2.2,,17,reviewed,us,us;
1986-05-15T18:13:56.190Z,40.718,27.572,10,4.6,mb,,,,0.7,us,usp0002u1x,2014-11-07T00:38:23.929Z,"14 km N of Marmara, Turkey",earthquake,,,,1,reviewed,us,us;
1985-12-19T14:34:56.860Z,40.184,27.264,12.1,4.1,ml,,,,0.8,us,usp0002p32,2014-11-07T00:37:38.698Z,"5 km SSE of Biga, Turkey",earthquake,,2.1,,,reviewed,us,ath;
1985-09-14T15:23:09.510Z,40.752,29.163,11.1,4.7,mb,,,,0.5,us,usp0002jrz,2014-11-07T00:37:10.154Z,"10 km N of Koruköy, Turkey",earthquake,,6.4,,1,reviewed,us,us;
1985-04-27T12:33:06.770Z,40.77,27.344,7.4,4.3,mb,,,,1,us,usp0002e7j,2014-11-07T00:36:28.912Z,"15 km SW of Kumba?, Turkey",earthquake,,1.8,,26,reviewed,us,us;
1985-04-11T13:11:46.490Z,40.688,28.874,10,4.3,mb,,,,1,us,usp0002dq4,2014-11-07T00:36:26.349Z,"14 km WNW of Kocadere, Turkey",earthquake,,,,1,reviewed,us,us;
1984-11-14T14:24:25.380Z,40.341,27.218,10,4.1,mb,,,,1.2,us,usp0002923,2014-11-07T00:35:42.717Z,"12 km N of Biga, Turkey",earthquake,,,,1,reviewed,us,us;
1984-10-28T08:17:57.210Z,40.061,29.352,10,4.8,mb,,,,0.7,us,usp00028k6,2014-11-07T00:35:36.871Z,"6 km WSW of Yenice, Turkey",earthquake,,,,1,reviewed,us,us;
1984-08-27T06:32:12.080Z,40.72,30.062,11.6,4,mb,,,,1.1,us,usp00026s9,2014-11-07T00:35:20.366Z,"5 km ESE of Köseköy, Turkey",earthquake,,2.3,,1,reviewed,us,us;
1984-05-26T08:39:35.570Z,40.656,30.324,7.4,4.1,mb,,,,1,us,usp00024n3,2014-11-07T00:34:56.334Z,"6 km SE of Sapanca, Turkey",earthquake,,2,,4,reviewed,us,us;
1984-01-30T05:58:25.480Z,40.47,27.482,10,4.5,mb,,,,1.5,us,usp00021nx,2014-11-07T00:34:24.956Z,"14 km SSW of Marmara, Turkey",earthquake,,,,2,reviewed,us,us;
1983-12-07T14:05:30.470Z,40.079,29.363,8,4,mb,,,,0.9,us,usp00020b5,2014-11-07T00:34:14.238Z,"5 km W of Yenice, Turkey",earthquake,,1.4,,1,reviewed,us,us;
1983-11-15T10:59:12.050Z,40.114,29.267,9.4,4.3,mb,,,,1.1,us,usp0001zup,2014-11-07T00:34:08.262Z,"10 km SSE of Kestel, Turkey",earthquake,,1.4,,15,reviewed,us,us;
1983-11-03T18:46:17.100Z,40.097,29.229,8.8,4,mb,,,,0.8,us,usp0001zhz,2014-11-07T00:34:04.492Z,"11 km S of Kestel, Turkey",earthquake,,1.3,,1,reviewed,us,us;
1983-11-02T22:53:09.270Z,40.136,29.377,10,4.5,mb,,,,1.1,us,usp0001zgq,2014-11-07T00:34:03.939Z,"Western Turkey",earthquake,,,,32,reviewed,us,us;
1983-10-27T08:40:08.190Z,40.093,29.248,7,4.2,mb,,,,0.8,us,usp0001zaf,2014-11-07T00:34:01.021Z,"12 km SSE of Kestel, Turkey",earthquake,,1.6,,1,reviewed,us,us;
1983-10-21T20:34:49.130Z,40.127,29.377,13.9,5.1,mb,,,,1.1,us,usp0001z4r,2025-12-19T21:27:36.436Z,"5 km NW of Yenice, Turkey",earthquake,,1,,57,reviewed,us,us;
1983-07-08T02:55:00.560Z,40.294,27.179,12.6,4,mb,,,,0.9,us,usp0001wng,2014-11-07T00:33:27.422Z,"9 km NW of Biga, Turkey",earthquake,,1.4,,3,reviewed,us,us;
1983-07-05T17:30:43.520Z,40.285,27.192,10,4.1,mb,,,,1.1,us,usp0001wkq,2014-11-07T00:33:26.327Z,"7 km NW of Biga, Turkey",earthquake,,,,7,reviewed,us,us;
1983-07-05T12:01:27.380Z,40.324,27.222,10,6.1,ms,,,,1.2,us,usp0001wk7,2025-12-19T21:29:06.578Z,"10 km N of Biga, Turkey",earthquake,,,,2,reviewed,us,us;
1983-02-01T13:54:11.350Z,40.179,28.958,10,4.8,mb,,,,1.1,us,usp0001ssj,2014-11-07T00:32:36.535Z,"8 km WSW of Bursa, Turkey",earthquake,,,,1,reviewed,us,us;
1982-09-09T05:47:13.260Z,41.003,27.716,10,4,mb,,,,1.2,us,usp0001pfz,2014-11-07T00:31:52.565Z,"17 km E of Tekirda?, Turkey",earthquake,,,,1,reviewed,us,us;
1982-07-27T10:23:14.340Z,40.395,28.977,10.7,4.2,mb,,,,1.2,us,usp0001npv,2014-11-07T00:31:38.920Z,"8 km ENE of Mudanya, Turkey",earthquake,,1.7,,16,reviewed,us,us;
1982-07-12T14:46:13.740Z,41.036,27.702,27.8,4.5,mb,,,,1.4,us,usp0001ncs,2014-11-07T00:31:36.759Z,"15 km SSW of Çorlu, Turkey",earthquake,,7.4,,7,reviewed,us,us;
1982-06-09T04:13:39.070Z,40.435,28.852,10,4.5,mb,,,,1.5,us,usp0001msv,2014-11-07T00:31:26.423Z,"7 km NNW of Mudanya, Turkey",earthquake,,,,15,reviewed,us,us;
1982-05-23T22:17:46.380Z,40.39,30.965,10,4.2,mb,,,,0.9,us,usp0001mg2,2014-11-07T00:31:19.905Z,"15 km E of Göynük, Turkey",earthquake,,,,4,reviewed,us,us;
1982-05-20T02:42:48.780Z,40.407,29.057,10,4,mb,,,,1.3,us,usp0001me5,2014-11-07T00:31:19.308Z,"7 km SSW of Küçükkumla, Turkey",earthquake,,,,5,reviewed,us,us;
1981-12-26T17:53:35.920Z,40.124,28.716,10,4.6,mb,,,,1,us,usp0001hp9,2014-11-07T00:30:33.598Z,"20 km NW of Kar?ncal?, Turkey",earthquake,,,,19,reviewed,us,us;
1981-08-28T07:17:09.550Z,40.408,29.225,28.4,4.1,mb,,,,1.6,us,usp0001fhu,2014-11-07T00:29:58.804Z,"3 km ESE of Umurbey, Turkey",earthquake,,8.9,,2,reviewed,us,us;
1981-07-23T16:35:29.050Z,40.211,28.928,14.8,4.5,mb,,,,0.8,us,usp0001ewe,2014-11-07T00:29:49.041Z,"11 km W of Bursa, Turkey",earthquake,,1.5,,1,reviewed,us,us;
1981-05-03T20:41:10.440Z,40.799,28.142,23.7,4.2,mb,,,,0.7,us,usp0001dgz,2014-11-07T00:29:24.600Z,"24 km SE of Marmara Ere?lisi, Turkey",earthquake,,1.9,,4,reviewed,us,us;
1981-03-12T04:05:59.180Z,40.801,28.109,10,5,ms,,,,1.2,us,usp0001cnj,2026-01-07T19:19:02.298Z,"22 km SE of Marmara Ere?lisi, Turkey",earthquake,,,,1,reviewed,us,us;
1980-01-03T13:47:18.700Z,40.326,30.821,40,4.1,mb,,,,,us,usp00014uy,2014-11-06T23:24:14.597Z,"8 km SSE of Göynük, Turkey",earthquake,,,,,reviewed,us,us;
1978-06-15T00:26:43.300Z,40.846,27.695,16,4.4,mb,,,,,us,usp0000v22,2026-01-07T19:26:43.119Z,"20 km ESE of Kumba?, Turkey",earthquake,,,,,reviewed,us,us;
1978-05-11T16:35:40.400Z,40.087,29.537,10,4.2,mb,,,,,us,usp0000ugj,2014-11-06T23:21:49.080Z,"2 km ENE of ?negol, Turkey",earthquake,,,,,reviewed,us,us;
1976-09-15T03:36:40.300Z,40.493,27.482,10,4.5,mb,,,,,us,usp0000jdk,2014-11-06T23:21:37.201Z,"12 km SSW of Marmara, Turkey",earthquake,,,,,reviewed,us,us;
1976-05-29T22:42:09.500Z,40.413,28.845,14,4,mb,,,,,us,usp0000gmk,2014-11-06T23:21:35.476Z,"5 km NW of Mudanya, Turkey",earthquake,,,,,reviewed,us,us;
1974-01-18T10:57:14.200Z,40.429,28.904,23,4.2,mb,,,,,us,usp00004yn,2014-11-06T23:21:22.443Z,"6 km NNE of Mudanya, Turkey",earthquake,,,,,reviewed,us,us;
1973-11-22T14:54:55.900Z,40.307,29.807,33,4.2,mb,,,,,us,usp0000486,2014-11-06T23:21:21.506Z,"13 km ENE of Yeni?ehir, Turkey",earthquake,,,,,reviewed,us,us;
1971-05-01T13:45:28.600Z,40.843,27.98,15,5.33,mw,,,,,iscgemsup,iscgemsup783989,2026-01-07T19:08:33.758Z,"14 km S of Marmara Ereğlisi, Turkey",earthquake,,3.9,0.2,,reviewed,iscgemsup,iscgemsup;
1969-03-03T00:59:12.780Z,40.062,27.556,10,5.73,mw,,,,,iscgem,iscgem810456,2025-12-19T19:11:22.321Z,"9 km WSW of Gönen, Turkey",earthquake,,3.6,0.3,,reviewed,iscgem,iscgem;
1967-07-30T01:31:02.430Z,40.734,30.56,13.6,5.7,mw,,,,,iscgem,iscgem833888,2025-12-19T18:26:56.783Z,"7 km NW of Akyazı, Turkey",earthquake,,3.8,0.2,,reviewed,iscgem,iscgem;
1967-07-22T23:41:59.210Z,40.594,30.535,15,5.11,mw,,,,,iscgem,iscgem833598,2022-04-26T22:50:51.687Z,"5 km S of Karapürçek, Turkey",earthquake,,6,0.2,,reviewed,iscgem,iscgem;
1967-07-22T18:09:54.380Z,40.796,30.548,15,5.31,mw,,,,,iscgem,iscgem833584,2022-04-26T22:50:50.206Z,"12 km E of Adapazar?, Turkey",earthquake,,6.4,0.27,,reviewed,iscgem,iscgem;
1967-07-22T17:48:06.370Z,40.67,30.625,15,5.22,mw,,,,,iscgem,iscgem833578,2022-04-26T22:50:44.306Z,"Western Turkey",earthquake,,6,0.27,,reviewed,iscgem,iscgem;
1967-07-22T16:56:57.490Z,40.67,30.734,13.5,7.29,mw,,,,,iscgem,iscgem833573,2025-12-19T18:25:57.824Z,"9 km E of Akyazı, Turkey",earthquake,,3.7,0.3,,reviewed,iscgem,iscgem;
1966-08-21T01:30:46.290Z,40.328,27.456,19.9,5.55,mw,,,,,iscgem,iscgem844762,2025-12-19T18:23:51.974Z,"21 km ENE of Biga, Turkey",earthquake,,4.3,0.2,,reviewed,iscgem,iscgem;
1964-10-06T14:31:23.310Z,40.239,28.216,19.3,6.8,mw,,,,,iscgem,iscgem863310,2025-12-19T18:13:46.154Z,"12 km WNW of Karacabey, Turkey",earthquake,,4.5,0.3,,reviewed,iscgem,iscgem;
1964-10-06T14:29:58.200Z,40.178,28.192,15,5.49,mw,,,,,iscgem,iscgem863309,2022-04-26T23:55:10.294Z,"14 km WSW of Karacabey, Turkey",earthquake,,5.3,0.35,,reviewed,iscgem,iscgem;
1963-09-18T16:58:14.840Z,40.698,29.159,30,6.14,mw,,,,,iscgem,iscgem873085,2022-04-27T00:27:23.880Z,"4 km N of Koruköy, Turkey",earthquake,,4.9,0.2,,reviewed,iscgem,iscgem;
1959-07-26T17:07:05.630Z,40.78,27.715,15,5.45,mw,,,,,iscgem,iscgem882528,2022-04-26T16:46:18.818Z,"Western Turkey",earthquake,,4.5,0.2,,reviewed,iscgem,iscgem;
1959-04-02T04:34:28.040Z,40.527,29.413,15,5.24,mw,,,,,iscgemsup,iscgemsup881699,2022-05-09T19:31:20.611Z,"3 km WNW of Çak?rl?, Turkey",earthquake,,5.5,0.2,,reviewed,iscgemsup,iscgemsup;
1957-06-02T01:12:00.340Z,40.715,30.968,15,5.26,mw,,,,,iscgemsup,iscgemsup886650,2022-05-09T19:51:51.551Z,"20 km ESE of Hendek, Turkey",earthquake,,9,0.2,,reviewed,iscgemsup,iscgemsup;
1957-06-01T05:26:55.860Z,40.773,30.976,15,5.47,mw,,,,,iscgem,iscgem886644,2022-04-26T16:05:55.888Z,"17 km WSW of Düzce, Turkey",earthquake,,4.1,0.27,,reviewed,iscgem,iscgem;
1957-05-29T10:17:46.930Z,40.799,30.777,15,5.38,mw,,,,,iscgemsup,iscgemsup886629,2022-05-09T19:51:35.027Z,"2 km E of Hendek, Turkey",earthquake,,4.1,0.2,,reviewed,iscgemsup,iscgemsup;
1957-05-27T11:01:31.440Z,40.701,30.992,15,5.83,mw,,,,,iscgem,iscgem886613,2022-04-26T17:12:38.303Z,"21 km SW of Düzce, Turkey",earthquake,,9,0.2,,reviewed,iscgem,iscgem;
1957-05-26T09:36:38.360Z,40.62,30.86,15,6.02,mw,,,,,iscgem,iscgem886606,2022-04-26T17:12:36.378Z,"21 km ESE of Akyaz?, Turkey",earthquake,,9,0.2,,reviewed,iscgem,iscgem;
1957-05-26T08:54:49.380Z,40.641,30.854,15,5.58,mw,,,,,iscgem,iscgem886603,2022-04-26T17:12:25.413Z,"19 km SSE of Hendek, Turkey",earthquake,,9,0.2,,reviewed,iscgem,iscgem;
1953-06-03T16:05:33.400Z,40.321,28.532,35,5.67,mw,,,,,iscgem,iscgem891723,2022-04-26T17:51:19.898Z,"18 km NE of Karacabey, Turkey",earthquake,,6.4,0.3,,reviewed,iscgem,iscgem;
1953-03-19T12:53:43.810Z,40.223,28.069,20,5.43,mw,,,,,iscgemsup,iscgemsup891568,2022-05-09T20:10:38.747Z,"16 km SSE of Band?rma, Turkey",earthquake,,5.3,0.54,,reviewed,iscgemsup,iscgemsup;
1953-03-18T19:06:17.740Z,40.175,27.648,10,7.3,mw,,,,,iscgem,iscgem891561,2022-04-26T17:49:58.321Z,"7 km N of Gönen, Turkey",earthquake,,4.2,0.4,,reviewed,iscgem,iscgem;
1952-03-13T06:30:00.170Z,40.811,28.06,15,5.42,mw,,,,,iscgemsup,iscgemsup892627,2022-05-09T20:16:23.797Z,"19 km SSE of Marmara Ere?lisi, Turkey",earthquake,,3.9,0.24,,reviewed,iscgemsup,iscgemsup;
1951-09-15T22:52:11.220Z,40.112,27.897,15,5.46,mw,,,,,iscgem,iscgem894701,2022-04-26T18:17:54.240Z,"9 km NW of Manyas, Turkey",earthquake,,5.3,0.2,,reviewed,iscgem,iscgem;
1948-11-13T04:44:49.710Z,40.315,28.814,15,5.73,mw,,,,,iscgem,iscgem897633,2022-04-26T18:45:40.149Z,"8 km SW of Mudanya, Turkey",earthquake,,4.9,0.2,,reviewed,iscgem,iscgem;
1943-06-20T15:32:53.390Z,40.5,30.525,15,6.44,mw,,,,,iscgem,iscgem899896,2022-04-26T19:12:20.905Z,"11 km NNE of Tarakl?, Turkey",earthquake,,3.9,0.23,,reviewed,iscgem,iscgem;
1942-06-16T05:42:32.890Z,40.729,27.726,10,5.86,mw,,,,,iscgem,iscgem900337,2022-04-26T19:18:49.349Z,"21 km NE of Marmara, Turkey",earthquake,,4.3,0.29,,reviewed,iscgem,iscgem;
1935-01-04T16:20:06.980Z,40.664,27.555,10,6.01,mw,,,,,iscgem,iscgem904023,2022-04-25T21:30:57.749Z,"8 km N of Marmara, Turkey",earthquake,,4.3,0.3,,reviewed,iscgem,iscgem;
1935-01-04T14:41:30.810Z,40.62,27.451,15,6.34,mw,,,,,iscgem,iscgem904020,2022-04-25T21:30:56.542Z,"9 km WNW of Marmara, Turkey",earthquake,,4.3,0.3,,reviewed,iscgem,iscgem;
1929-04-05T23:38:25.030Z,41.45,30.819,15,5.24,mw,,,,,iscgemsup,iscgemsup907991,2022-05-09T17:36:54.083Z,"39 km NNE of Karasu, Turkey",earthquake,,25,0.23,,reviewed,iscgemsup,iscgemsup;
1926-12-16T17:54:06.870Z,40.679,31.031,15,5.8,mw,,,,,iscgem,iscgem910286,2022-04-25T23:23:24.772Z,"21 km SSW of Düzce, Turkey",earthquake,,9,0.37,,reviewed,iscgem,iscgem;
1925-06-24T00:00:37.730Z,41.341,30.453,15,5.26,mw,,,,,iscgemsup,iscgemsup910557,2022-05-09T17:50:12.269Z,"26 km NE of Kefken, Turkey",earthquake,,25,0.4,,reviewed,iscgemsup,iscgemsup;
1912-09-13T23:31:26.330Z,40.685,27.2,15,6.72,mw,,,,,iscgem,iscgem610326388,2025-08-23T22:45:06.461Z,"30 km SW of Kumbağ, Turkey",earthquake,,4.3,0.47,,reviewed,iscgem,iscgem;
1912-08-10T18:30:17.940Z,40.969,27.703,10,5.58,mw,,,,,iscgem,iscgem610326493,2025-08-23T22:43:39.580Z,"16 km E of Tekirdağ, Turkey",earthquake,,4.5,0.2,,reviewed,iscgem,iscgem;
1912-08-10T09:23:48.180Z,40.396,27.402,10,6.23,mw,,,,,iscgem,iscgem610326492,2022-04-25T20:38:44.907Z,"23 km NE of Biga, Turkey",earthquake,,4.3,0.31,,reviewed,iscgem,iscgem;
1912-08-09T01:29:02.060Z,40.73,27.121,15,7.23,mw,,,,,iscgem,iscgem16958205,2022-04-25T20:34:14.406Z,"25 km SE of Malkara, Turkey",earthquake,,4.3,0.67,,reviewed,iscgem,iscgem;
1905-10-22T03:54:31.710Z,40.761,28.183,15,5.78,mw,,,,,iscgemsup,iscgemsup610548615,2025-08-24T22:00:25.711Z,"30 km SE of Marmara Ereğlisi, Turkey",earthquake,,3.9,0.52,,reviewed,iscgemsup,iscgemsup;