_id,adi,is_nevi,is_nevi_tnm,akaryakit_dagitim_sirketi,lpg_dagitim_sirketi,tesis_turu,tesis_turu_tnm,ilce_uavt,ilce,mahalle_uavt,mahalle_adi,latitude,longtitude
1,Firma 59,2,Akaryakıt Lpg,Firma 22,Firma 10,1,Aktif,2004,BAĞCILAR,40155,BAĞLAR,41.03131234,28.82300003
2,Firma 668,1,Akaryakıt,Firma 10,,1,Aktif,1183,BEŞİKTAŞ,40221,DİKİLİTAŞ,41.05508747,28.99931091
3,Firma 20,2,Akaryakıt Lpg,Firma 12,Firma 47,1,Aktif,1835,PENDİK,40628,BAHÇELİEVLER,40.88624820,29.23630356
4,Firma 836,2,Akaryakıt Lpg,Firma 13,Firma 39,1,Aktif,1782,BÜYÜKÇEKMECE,40929,KAMİLOBA,41.03538576,28.44583136
5,Firma 314,2,Akaryakıt Lpg,Firma 12,Firma 47,1,Aktif,2050,BAŞAKŞEHİR,40584,ŞAHİNTEPE,41.06378245,28.74609478
6,Firma 78,1,Akaryakıt,,,1,Aktif,2004,BAĞCILAR,40169,15 TEMMUZ,41.03098273,28.81448575
7,Firma 687,2,Akaryakıt Lpg,Firma 13,Firma 39,1,Aktif,2054,SANCAKTEPE,40579,ABDURRAHMANGAZİ,40.99270409,29.22312900
8,Firma 797,1,Akaryakıt,Firma 12,,1,Aktif,1421,KADIKÖY,40520,GÖZTEPE,40.98153282,29.06863687
9,Firma 246,2,Akaryakıt Lpg,Firma 13,,1,Aktif,1166,BAKIRKÖY,40199,ŞENLİKKÖY,40.98799075,28.79598148
10,Firma 325,2,Akaryakıt Lpg,Firma 13,Firma 39,1,Aktif,1886,BAYRAMPAŞA,40206,TERAZİDERE,41.03408268,28.89697833
11,Firma 391,2,Akaryakıt Lpg,,,1,Aktif,2050,BAŞAKŞEHİR,,,,
12,Firma 544,2,Akaryakıt Lpg,Firma 2,Firma 48,1,Aktif,2053,ESENYURT,40881,ATATÜRK,41.02706788,28.62663288
13,Firma 215,1,Akaryakıt,Firma 15,,1,Aktif,1823,KÜÇÜKÇEKMECE,40590,HALKALI MERKEZ,41.03209046,28.80008994
14,Firma 773,2,Akaryakıt Lpg,Firma 15,Firma 42,1,Aktif,2005,BAHÇELİEVLER,40183,YENİBOSNA MERKEZ,41.01178545,28.81783783
15,Firma 252,2,Akaryakıt Lpg,Firma 13,Firma 39,1,Aktif,2051,BEYLİKDÜZÜ,40894,YAKUPLU,41.00471020,28.66441315
16,Firma 130,1,Akaryakıt,Firma 12,,1,Aktif,1622,SİLİVRİ,40940,SELİMPAŞA,41.04992250,28.39087994
17,Firma 37,2,Akaryakıt Lpg,Firma 12,Firma 47,1,Aktif,2048,ARNAVUTKÖY,40908,YEŞİLBAYIR,41.13654881,28.62297640
18,Firma 879,1,Akaryakıt,Firma 13,,1,Aktif,1663,ŞİŞLİ,40694,FULYA,41.06570788,29.00223845
19,Firma 653,2,Akaryakıt Lpg,Firma 9,Firma 10,1,Aktif,2015,TUZLA,40726,TEPEÖREN,40.94460061,29.38799711
20,Firma 742,1,Akaryakıt,Firma 14,,1,Aktif,1622,SİLİVRİ,191847,BEYCİLER,41.23063559,28.11426707
21,Firma 8,1,Akaryakıt,Firma 13,,1,Aktif,2012,MALTEPE,40614,CEVİZLİ,40.92344507,29.15101452
22,Firma 227,1,Akaryakıt,Firma 5,,1,Aktif,1886,BAYRAMPAŞA,40208,YENİDOĞAN,41.04617400,28.91548504
23,Firma 273,1,Akaryakıt,Firma 12,,1,Aktif,1421,KADIKÖY,40514,FENERBAHÇE,40.97485903,29.05216014
24,Firma 353,2,Akaryakıt Lpg,Firma 9,Firma 3,1,Aktif,2049,ATAŞEHİR,40531,KÜÇÜKBAKKALKÖY,40.98103833,29.13111308
25,Firma 547,1,Akaryakıt,Firma 12,,1,Aktif,1604,SARIYER,40671,SARIYER MERKEZ,41.16612884,29.05648411
26,Firma 473,2,Akaryakıt Lpg,Firma 13,Firma 39,1,Aktif,2054,SANCAKTEPE,40759,EMEK,41.00713878,29.19026753
27,Firma 681,1,Akaryakıt,,,1,Aktif,2051,BEYLİKDÜZÜ,40869,ADNAN KAHVECİ,41.00584050,28.62225456
28,Firma 866,2,Akaryakıt Lpg,Firma 13,Firma 39,1,Aktif,2051,BEYLİKDÜZÜ,40875,BARIŞ,41.00976787,28.65510920
29,Firma 682,1,Akaryakıt,Firma 12,,1,Aktif,1782,BÜYÜKÇEKMECE,40887,MİMAR SİNAN,41.01261672,28.54140741
30,Firma 222,2,Akaryakıt Lpg,Firma 12,Firma 47,1,Aktif,1782,BÜYÜKÇEKMECE,40929,KAMİLOBA,41.04027366,28.42850663
31,Firma 29,2,Akaryakıt Lpg,Firma 10,Firma 10,1,Aktif,1835,PENDİK,40636,HARMANDERE,40.92669114,29.31750646
32,Firma 353,2,Akaryakıt Lpg,Firma 13,Firma 39,1,Aktif,1663,ŞİŞLİ,40709,TEŞVİKİYE,41.05601313,28.99761204
33,Firma 731,2,Akaryakıt Lpg,Firma 12,Firma 47,1,Aktif,2049,ATAŞEHİR,40533,KAYIŞDAĞI,40.98849474,29.14550502
34,Firma 837,2,Akaryakıt Lpg,Firma 13,Firma 39,1,Aktif,2015,TUZLA,40731,FATİH,40.92611498,29.35090343
35,Firma 418,1,Akaryakıt,Firma 12,,1,Aktif,1622,SİLİVRİ,191837,ÇELTİK,41.10724102,28.11222224
36,Firma 204,2,Akaryakıt Lpg,,,1,Aktif,2015,TUZLA,40720,AYDINLI,,
37,Firma 299,2,Akaryakıt Lpg,Firma 12,Firma 47,1,Aktif,2004,BAĞCILAR,40168,GÜNEŞLİ,41.03457580,28.83336008
38,Firma 377,2,Akaryakıt Lpg,Firma 15,Firma 42,1,Aktif,2004,BAĞCILAR,40160,YILDIZTEPE,41.02710473,28.85689017
39,Firma 126,2,Akaryakıt Lpg,Firma 15,Firma 42,1,Aktif,2004,BAĞCILAR,40171,DEMİRKAPI,41.04689728,28.83445194
40,Firma 575,1,Akaryakıt,Firma 10,,1,Aktif,2015,TUZLA,40720,AYDINLI,40.86628940,29.33488500
41,Firma 277,2,Akaryakıt Lpg,Firma 10,Firma 10,1,Aktif,2012,MALTEPE,40615,BAĞLARBAŞI,40.92912740,29.14617914
42,Firma 583,1,Akaryakıt,Firma 12,,1,Aktif,1186,BEYOĞLU,40303,PİRİPAŞA,41.04371363,28.94792856
43,Firma 593,2,Akaryakıt Lpg,Firma 5,Firma 14,1,Aktif,2004,BAĞCILAR,40159,İNÖNÜ,41.02743229,28.84747155
44,Firma 598,2,Akaryakıt Lpg,Firma 12,Firma 28,1,Aktif,2049,ATAŞEHİR,40577,FERHATPAŞA,40.98135375,29.16506433
45,Firma 731,2,Akaryakıt Lpg,Firma 12,Firma 14,1,Aktif,2016,ESENLER,40355,ORUÇREİS,41.07131312,28.86789576
46,Firma 521,2,Akaryakıt Lpg,Firma 12,Firma 47,1,Aktif,2005,BAHÇELİEVLER,40183,YENİBOSNA MERKEZ,41.01163702,28.82838406
47,Firma 188,1,Akaryakıt,Firma 15,,1,Aktif,1782,BÜYÜKÇEKMECE,40846,CUMHURİYET,41.02438860,28.62363627
48,Firma 401,2,Akaryakıt Lpg,Firma 10,,1,Aktif,1237,ÇATALCA,,,,
49,Firma 138,1,Akaryakıt,Firma 12,,1,Aktif,1708,ÜSKÜDAR,40788,BULGURLU,41.01853850,29.08457534
50,Firma 158,2,Akaryakıt Lpg,Firma 5,Firma 14,1,Aktif,1739,ZEYTİNBURNU,40505,TOZKOPARAN,41.02772258,28.90843274
51,Firma 965,1,Akaryakıt,Firma 19,,1,Aktif,2048,ARNAVUTKÖY,191989,YASSIÖREN,41.23183977,28.59967308
52,Firma 95,2,Akaryakıt Lpg,,,1,Aktif,1886,BAYRAMPAŞA,40213,MURATPAŞA,41.05178542,28.91069202
53,Firma 700,2,Akaryakıt Lpg,Firma 13,Firma 39,1,Aktif,1739,ZEYTİNBURNU,40840,KAZLIÇEŞME,41.00221520,28.91983752
54,Firma 31,2,Akaryakıt Lpg,Firma 20,Firma 50,1,Aktif,1835,PENDİK,40628,BAHÇELİEVLER,40.88430941,29.23593670
55,Firma 731,1,Akaryakıt,Firma 12,,1,Aktif,1166,BAKIRKÖY,40196,ATAKÖY 7-8-9-10. KISIM,40.99171034,28.83805773
56,Firma 663,2,Akaryakıt Lpg,Firma 10,Firma 10,1,Aktif,2048,ARNAVUTKÖY,40480,YAVUZ SELİM,41.20513127,28.72826561
57,Firma 383,2,Akaryakıt Lpg,Firma 12,Firma 37,1,Aktif,2053,ESENYURT,181488,BARBAROS HAYRETTİN PAŞA,41.01685310,28.63926464
58,Firma 178,1,Akaryakıt,Firma 12,,1,Aktif,1449,KARTAL,40571,YALI,40.89673080,29.22263569
59,Firma 68,1,Akaryakıt,Firma 5,,1,Aktif,2054,SANCAKTEPE,40579,ABDURRAHMANGAZİ,40.99167440,29.22373631
60,Firma 952,2,Akaryakıt Lpg,Firma 10,Firma 33,1,Aktif,2049,ATAŞEHİR,40531,KÜÇÜKBAKKALKÖY,40.98244232,29.10612673
61,Firma 693,1,Akaryakıt,Firma 5,,1,Aktif,2054,SANCAKTEPE,40576,FATİH,40.96950037,29.22021668
62,Firma 902,2,Akaryakıt Lpg,Firma 5,,1,Aktif,2005,BAHÇELİEVLER,40183,YENİBOSNA MERKEZ,41.01542544,28.82435830
63,Firma 454,1,Akaryakıt,Firma 10,,1,Aktif,1186,BEYOĞLU,40279,İSTİKLAL,41.04123713,28.96729852
64,Firma 529,2,Akaryakıt Lpg,Firma 11,,1,Aktif,2052,ÇEKMEKÖY,40758,ÖMERLİ,41.08760596,29.34745491
65,Firma 578,2,Akaryakıt Lpg,Firma 3,Firma 11,1,Aktif,1421,KADIKÖY,40529,KOZYATAĞI,40.96764901,29.10274261
66,Firma 146,1,Akaryakıt,Firma 12,,1,Aktif,2055,SULTANGAZİ,40472,SULTANÇİFTLİĞİ,41.09489084,28.86334675
67,Firma 819,1,Akaryakıt,Firma 12,,1,Aktif,2012,MALTEPE,40612,ALTAYÇEŞME,40.92783851,29.13306917
68,Firma 593,1,Akaryakıt,Firma 5,,1,Aktif,1604,SARIYER,191777,USKUMRUKÖY,41.19144222,29.03680574
69,Firma 554,2,Akaryakıt Lpg,Firma 12,Firma 36,1,Aktif,2012,MALTEPE,40608,ÇINAR,40.94776756,29.12343930
70,Firma 89,2,Akaryakıt Lpg,Firma 13,Firma 39,1,Aktif,1421,KADIKÖY,40529,KOZYATAĞI,40.96644558,29.10335137
71,Firma 845,2,Akaryakıt Lpg,Firma 13,Firma 39,1,Aktif,2052,ÇEKMEKÖY,40765,TAŞDELEN,41.03084799,29.23101092
72,Firma 869,1,Akaryakıt,Firma 10,,1,Aktif,1622,SİLİVRİ,40940,SELİMPAŞA,41.06387731,28.32291996
73,Firma 8,2,Akaryakıt Lpg,Firma 13,Firma 39,1,Aktif,1185,BEYKOZ,40244,GÖKSU,41.07999656,29.07078134
74,Firma 739,2,Akaryakıt Lpg,Firma 10,Firma 10,1,Aktif,2004,BAĞCILAR,40173,FEVZİ ÇAKMAK,41.04773828,28.85967769
75,Firma 644,1,Akaryakıt,Firma 13,,1,Aktif,1449,KARTAL,40556,CUMHURİYET,40.90247235,29.21751190
76,Firma 64,1,Akaryakıt,Firma 13,,1,Aktif,2014,SULTANBEYLİ,40956,AKŞEMSETTİN,40.94255158,29.30204185
77,Firma 590,2,Akaryakıt Lpg,Firma 10,Firma 29,1,Aktif,1336,GAZİOSMANPAŞA,40459,BARBAROS HAYRETTİN PAŞA,41.08089939,28.89335859
78,Firma 845,2,Akaryakıt Lpg,Firma 5,Firma 14,1,Aktif,2012,MALTEPE,40623,ZÜMRÜTEVLER,40.93749563,29.14092765
79,Firma 403,2,Akaryakıt Lpg,Firma 13,Firma 39,1,Aktif,2004,BAĞCILAR,40167,YENİMAHALLE,41.03986548,28.83360109
80,Firma 353,1,Akaryakıt,Firma 13,,1,Aktif,1810,KAĞITHANE,40551,TELSİZLER,41.07519130,28.99990174
81,Firma 149,1,Akaryakıt,Firma 3,,1,Aktif,2003,AVCILAR,40154,TAHTAKALE,41.05823633,28.73067151
82,Firma 5,2,Akaryakıt Lpg,Firma 10,Firma 10,1,Aktif,2004,BAĞCILAR,40170,MAHMUTBEY,41.06971419,28.82515769
83,Firma 905,1,Akaryakıt,Firma 13,Firma 39,1,Aktif,1823,KÜÇÜKÇEKMECE,40582,ATAKENT,41.04444737,28.78202783
84,Firma 265,2,Akaryakıt Lpg,Firma 9,Firma 26,1,Aktif,1336,GAZİOSMANPAŞA,40460,YENİ MAHALLE,41.07437664,28.90499752
85,Firma 75,1,Akaryakıt,Firma 10,,1,Aktif,1886,BAYRAMPAŞA,40210,YILDIRIM,41.07009753,28.89254169
86,Firma 880,2,Akaryakıt Lpg,Firma 3,Firma 14,1,Aktif,2004,BAĞCILAR,40175,GÖZTEPE,41.05998749,28.83207995
87,Firma 474,1,Akaryakıt,Firma 10,,1,Aktif,2003,AVCILAR,40154,TAHTAKALE,41.05682424,28.72805300
88,Firma 179,1,Akaryakıt,Firma 5,,1,Aktif,1708,ÜSKÜDAR,40789,BURHANİYE,41.02421121,29.05469689
89,Firma 731,2,Akaryakıt Lpg,Firma 12,Firma 36,1,Aktif,1852,ÜMRANİYE,98699,NECİP FAZIL,41.01651051,29.17768789
90,Firma 828,2,Akaryakıt Lpg,Firma 5,Firma 14,1,Aktif,2015,TUZLA,40726,TEPEÖREN,40.93586163,29.36116370
91,Firma 706,2,Akaryakıt Lpg,Firma 15,Firma 42,1,Aktif,2055,SULTANGAZİ,40474,CEBECİ,41.11363622,28.85721776
92,Firma 94,2,Akaryakıt Lpg,Firma 10,Firma 10,1,Aktif,2004,BAĞCILAR,40170,MAHMUTBEY,41.05015537,28.81207503
93,Firma 118,2,Akaryakıt Lpg,Firma 5,Firma 14,1,Aktif,1421,KADIKÖY,40516,EĞİTİM,40.98943776,29.04218668
94,Firma 1,2,Akaryakıt Lpg,Firma 5,,1,Aktif,1852,ÜMRANİYE,40748,ATAKENT,41.02215900,29.11268323
95,Firma 96,1,Akaryakıt,Firma 12,,1,Aktif,1708,ÜSKÜDAR,98669,SULTANTEPE,41.02892188,29.01747482
96,Firma 731,2,Akaryakıt Lpg,Firma 12,Firma 47,1,Aktif,2004,BAĞCILAR,40165,YAVUZ SELİM,41.04180765,28.84978727
97,Firma 141,2,Akaryakıt Lpg,Firma 5,Firma 14,1,Aktif,2005,BAHÇELİEVLER,40182,KOCASİNAN MERKEZ,41.02069618,28.84041721
98,Firma 976,2,Akaryakıt Lpg,Firma 12,Firma 37,1,Aktif,2054,SANCAKTEPE,40762,MECLİS,41.01257362,29.20741025
99,Firma 969,2,Akaryakıt Lpg,Firma 3,Firma 11,1,Aktif,1604,SARIYER,40673,POLİGON,41.11233072,29.04087981
100,Firma 527,2,Akaryakıt Lpg,Firma 9,Firma 3,1,Aktif,1782,BÜYÜKÇEKMECE,40887,MİMAR SİNAN,41.01398501,28.54734886
101,Firma 131,1,Akaryakıt,Firma 15,,1,Aktif,1449,KARTAL,40559,ESENTEPE,40.90890613,29.20264182
102,Firma 371,2,Akaryakıt Lpg,Firma 15,Firma 42,1,Aktif,2048,ARNAVUTKÖY,,TAYAKADIN,,
103,Firma 435,1,Akaryakıt,Firma 10,Firma 10,1,Aktif,2004,BAĞCILAR,40172,FATİH,41.05473055,28.84050802
104,Firma 322,2,Akaryakıt Lpg,Firma 5,Firma 10,1,Aktif,1823,KÜÇÜKÇEKMECE,40590,HALKALI MERKEZ,41.03664270,28.79714928
105,Firma 401,2,Akaryakıt Lpg,Firma 10,Firma 10,1,Aktif,2016,ESENLER,40345,FEVZİ ÇAKMAK,41.04909299,28.87684213
106,Firma 401,1,Akaryakıt,Firma 10,Firma 34,1,Aktif,1852,ÜMRANİYE,40741,YUKARI DUDULLU,41.01414594,29.16373448
107,Firma 696,1,Akaryakıt,Firma 5,,1,Aktif,1782,BÜYÜKÇEKMECE,40884,KUMBURGAZ,41.02839270,28.45982280
108,Firma 574,2,Akaryakıt Lpg,Firma 15,Firma 42,1,Aktif,2004,BAĞCILAR,40165,YAVUZ SELİM,41.03339729,28.85129206
109,Firma 799,2,Akaryakıt Lpg,Firma 15,Firma 42,1,Aktif,1663,ŞİŞLİ,40692,ESKİŞEHİR,41.04468951,28.97831723
110,Firma 946,1,Akaryakıt,Firma 12,,1,Aktif,1782,BÜYÜKÇEKMECE,40882,BAHÇELİEVLER,41.01790620,28.48309223
111,Firma 914,1,Akaryakıt,Firma 15,,1,Aktif,1237,ÇATALCA,40899,ÇAKIL,41.11605161,28.45046913
112,Firma 122,1,Akaryakıt,Firma 13,,1,Aktif,1852,ÜMRANİYE,98703,ŞERİFALİ,40.99902935,29.15498896
113,Firma 432,1,Akaryakıt,Firma 12,,1,Aktif,1823,KÜÇÜKÇEKMECE,40592,İNÖNÜ,41.01578731,28.80376468
114,Firma 6,2,Akaryakıt Lpg,Firma 13,Firma 39,1,Aktif,2048,ARNAVUTKÖY,40906,ÖMERLİ,41.11736787,28.62845275
115,Firma 853,1,Akaryakıt,Firma 25,,1,Aktif,2054,SANCAKTEPE,40624,BÜYÜKBAKKALKÖY,40.98696716,29.22608529
116,Firma 985,1,Akaryakıt,Firma 21,,1,Aktif,1835,PENDİK,40634,GÜZELYALI,40.85944317,29.28156925
117,Firma 233,1,Akaryakıt,Firma 13,,1,Aktif,1336,GAZİOSMANPAŞA,40456,ŞEMSİPAŞA,41.07000505,28.90675266
118,Firma 433,2,Akaryakıt Lpg,Firma 12,Firma 47,1,Aktif,2053,ESENYURT,40858,SAADETDERE,41.00057571,28.69146283
119,Firma 593,1,Akaryakıt,Firma 5,Firma 14,1,Aktif,1739,ZEYTİNBURNU,40840,KAZLIÇEŞME,40.98218188,28.89369976
120,Firma 769,2,Akaryakıt Lpg,Firma 7,Firma 52,1,Aktif,2004,BAĞCILAR,40165,YAVUZ SELİM,41.04251084,28.84661452
121,Firma 41,1,Akaryakıt,Firma 5,,1,Aktif,1835,PENDİK,40628,BAHÇELİEVLER,40.88487599,29.23556676
122,Firma 249,2,Akaryakıt Lpg,Firma 5,Firma 14,1,Aktif,1325,EYÜPSULTAN,40376,TOPÇULAR,41.04165762,28.91991842
123,Firma 440,2,Akaryakıt Lpg,Firma 15,Firma 42,1,Aktif,1659,ŞİLE,40959,ÇAVUŞ,41.15579592,29.60433743
124,Firma 353,1,Akaryakıt,Firma 12,,1,Aktif,1166,BAKIRKÖY,40193,ZEYTİNLİK,40.97437360,28.87435950
125,Firma 881,1,Akaryakıt,Firma 12,,1,Aktif,1604,SARIYER,40668,KİREÇBURNU,41.15146045,29.04263104
126,Firma 512,2,Akaryakıt Lpg,Firma 13,Firma 39,1,Aktif,2053,ESENYURT,40855,BAĞLARÇEŞME,41.03196841,28.67431515
127,Firma 636,1,Akaryakıt,Firma 12,,1,Aktif,2051,BEYLİKDÜZÜ,40894,YAKUPLU,40.98881815,28.66760101
128,Firma 338,2,Akaryakıt Lpg,Firma 13,Firma 39,1,Aktif,2050,BAŞAKŞEHİR,40583,KAYABAŞI,,
129,Firma 815,2,Akaryakıt Lpg,Firma 13,Firma 39,1,Aktif,2054,SANCAKTEPE,40624,BÜYÜKBAKKALKÖY,40.98060433,29.22024278
130,Firma 652,2,Akaryakıt Lpg,Firma 5,Firma 14,1,Aktif,1237,ÇATALCA,40897,FERHATPAŞA,41.13514557,28.46564530
131,Firma 968,2,Akaryakıt Lpg,Firma 5,Firma 14,1,Aktif,2016,ESENLER,40351,TUNA,41.05024848,28.85920901
132,Firma 8,1,Akaryakıt,Firma 13,,1,Aktif,1604,SARIYER,40680,YENİKÖY,41.11772420,29.06441979
133,Firma 701,1,Akaryakıt,Firma 15,,1,Aktif,2049,ATAŞEHİR,40740,MUSTAFA KEMAL,40.99697425,29.08879255
134,Firma 977,2,Akaryakıt Lpg,Firma 13,Firma 39,1,Aktif,2004,BAĞCILAR,40158,KAZIM KARABEKİR,41.02869735,28.84646128
135,Firma 58,2,Akaryakıt Lpg,Firma 10,Firma 10,1,Aktif,2012,MALTEPE,40618,GİRNE,40.94268716,29.14385305
136,Firma 776,2,Akaryakıt Lpg,Firma 12,Firma 47,1,Aktif,2054,SANCAKTEPE,40574,VEYSEL KARANİ,40.97492860,29.24066147
137,Firma 593,2,Akaryakıt Lpg,Firma 5,Firma 14,1,Aktif,2004,BAĞCILAR,40155,BAĞLAR,41.02468823,28.82851460
138,Firma 838,2,Akaryakıt Lpg,,,1,Aktif,1663,ŞİŞLİ,,MERKEZ,,
139,Firma 605,1,Akaryakıt,,,1,Aktif,2051,BEYLİKDÜZÜ,,,,
140,Firma 8,2,Akaryakıt Lpg,Firma 13,Firma 39,1,Aktif,1823,KÜÇÜKÇEKMECE,40590,HALKALI MERKEZ,41.02885255,28.79068333
141,Firma 964,2,Akaryakıt Lpg,Firma 9,Firma 3,1,Aktif,2014,SULTANBEYLİ,40950,MEHMET AKİF,40.96435042,29.27415361
142,Firma 381,2,Akaryakıt Lpg,Firma 15,Firma 42,1,Aktif,2048,ARNAVUTKÖY,40906,ÖMERLİ,41.11753578,28.62940650
143,Firma 756,2,Akaryakıt Lpg,Firma 5,Firma 14,1,Aktif,1325,EYÜPSULTAN,40368,KARADOLAP,41.07948450,28.93045376
144,Firma 865,2,Akaryakıt Lpg,Firma 12,Firma 47,1,Aktif,1823,KÜÇÜKÇEKMECE,40590,HALKALI MERKEZ,41.03364903,28.80740684
145,Firma 772,1,Akaryakıt,Firma 5,,1,Aktif,1449,KARTAL,40567,SOĞANLIK YENİ,40.91082712,29.19910787
146,Firma 441,1,Akaryakıt,Firma 10,Firma 10,1,Aktif,2015,TUZLA,40731,FATİH,40.93162410,29.33890266
147,Firma 130,1,Akaryakıt,Firma 12,,1,Aktif,1237,ÇATALCA,40903,ATATÜRK,41.41039208,28.18491916
148,Firma 791,2,Akaryakıt Lpg,Firma 10,Firma 10,1,Aktif,1622,SİLİVRİ,40921,YENİ,41.06963005,28.29259980
149,Firma 898,2,Akaryakıt Lpg,Firma 12,Firma 47,1,Aktif,1708,ÜSKÜDAR,40820,SELİMİYE,41.01064393,29.02021941
150,Firma 601,1,Akaryakıt,Firma 5,,1,Aktif,2050,BAŞAKŞEHİR,40581,BAŞAKŞEHİR,41.10409804,28.78326758
151,Firma 215,2,Akaryakıt Lpg,Firma 15,Firma 42,1,Aktif,1708,ÜSKÜDAR,40809,KISIKLI,41.02386574,29.08152877
152,Firma 509,2,Akaryakıt Lpg,Firma 13,Firma 39,1,Aktif,1782,BÜYÜKÇEKMECE,40844,ALKENT 2000,41.07923068,28.62487209
153,Firma 606,2,Akaryakıt Lpg,Firma 15,Firma 42,1,Aktif,2053,ESENYURT,40861,ARDIÇLI,41.04239594,28.67641230
154,Firma 762,1,Akaryakıt,Firma 25,,1,Aktif,2016,ESENLER,40347,MENDERES,41.04137304,28.88090155
155,Firma 622,1,Akaryakıt,,,1,Aktif,2051,BEYLİKDÜZÜ,40893,MARMARA,40.96124162,28.65597255
156,Firma 463,2,Akaryakıt Lpg,Firma 10,Firma 29,1,Aktif,2015,TUZLA,40732,MESCİT,40.88408316,29.34923857
157,Firma 947,2,Akaryakıt Lpg,Firma 5,Firma 14,1,Aktif,1185,BEYKOZ,40237,GÜMÜŞSUYU,41.12788140,29.09614625
158,Firma 768,2,Akaryakıt Lpg,Firma 3,Firma 11,1,Aktif,1663,ŞİŞLİ,40696,HALİDE EDİP ADIVAR,41.05952851,28.97611861
159,Firma 181,2,Akaryakıt Lpg,Firma 10,,1,Aktif,2015,TUZLA,40725,AKFIRAT,,
160,Firma 80,1,Akaryakıt,Firma 12,,1,Aktif,1237,ÇATALCA,40901,OVAYENİCE,41.10456986,28.42483278
161,Firma 600,2,Akaryakıt Lpg,Firma 3,Firma 11,1,Aktif,1325,EYÜPSULTAN,191745,ÇİFTALAN,41.23651473,28.90607452
162,Firma 130,1,Akaryakıt,Firma 27,,1,Aktif,1622,SİLİVRİ,40930,BALABAN,41.08455767,28.03743955
163,Firma 513,2,Akaryakıt Lpg,Firma 12,Firma 36,1,Aktif,2012,MALTEPE,40614,CEVİZLİ,40.92404171,29.15102638
164,Firma 582,2,Akaryakıt Lpg,Firma 12,Firma 47,1,Aktif,2003,AVCILAR,40153,YEŞİLKENT,41.05105637,28.68774615
165,Firma 497,2,Akaryakıt Lpg,Firma 13,Firma 39,1,Aktif,1327,FATİH,40387,SEYYİD ÖMER,41.00725845,28.92843682
166,Firma 30,2,Akaryakıt Lpg,Firma 2,Firma 6,1,Aktif,1325,EYÜPSULTAN,40483,BOĞAZKÖY İSTİKLAL,41.13673143,28.81707269
167,Firma 942,1,Akaryakıt,Firma 13,,1,Aktif,2053,ESENYURT,40851,FATİH,41.03380717,28.68004637
168,Firma 510,1,Akaryakıt,Firma 10,Firma 10,1,Aktif,1325,EYÜPSULTAN,40376,TOPÇULAR,41.03914139,28.91734304
169,Firma 343,2,Akaryakıt Lpg,Firma 10,Firma 10,1,Aktif,1622,SİLİVRİ,40941,BÜYÜK ÇAVUŞLU,41.24933896,28.03778348
170,Firma 817,2,Akaryakıt Lpg,Firma 15,Firma 42,1,Aktif,1421,KADIKÖY,40509,ACIBADEM,41.00306655,29.03626706
171,Firma 115,1,Akaryakıt,Firma 13,,1,Aktif,1325,EYÜPSULTAN,40374,SAKARYA,41.06626839,28.94297153
172,Firma 744,2,Akaryakıt Lpg,Firma 5,Firma 14,1,Aktif,2053,ESENYURT,40866,YEŞİLKENT,41.03065998,28.66262247
173,Firma 401,2,Akaryakıt Lpg,Firma 10,,1,Aktif,1237,ÇATALCA,40909,NAKKAŞ,,
174,Firma 168,2,Akaryakıt Lpg,Firma 3,Firma 11,1,Aktif,2004,BAĞCILAR,40169,15 TEMMUZ,41.04482464,28.81695939
175,Firma 149,2,Akaryakıt Lpg,Firma 3,Firma 11,1,Aktif,1421,KADIKÖY,40509,ACIBADEM,41.00477289,29.03535600
176,Firma 987,1,Akaryakıt,,,1,Aktif,1835,PENDİK,40642,VELİBABA,40.90661526,29.25279936
177,Firma 917,2,Akaryakıt Lpg,Firma 10,,1,Aktif,1782,BÜYÜKÇEKMECE,40846,CUMHURİYET,41.01840194,28.63257349
178,Firma 412,1,Akaryakıt,Firma 13,,1,Aktif,1622,SİLİVRİ,40922,CUMHURİYET,41.07046999,28.27883598
179,Firma 18,1,Akaryakıt,,,1,Aktif,2053,ESENYURT,40863,ORHAN GAZİ,,
180,Firma 593,2,Akaryakıt Lpg,Firma 5,Firma 14,1,Aktif,1327,FATİH,99129,HASEKİ SULTAN,41.00707534,28.93679318
181,Firma 379,2,Akaryakıt Lpg,Firma 13,Firma 39,1,Aktif,2050,BAŞAKŞEHİR,40581,BAŞAKŞEHİR,41.09846363,28.79100388
182,Firma 758,2,Akaryakıt Lpg,Firma 12,Firma 47,1,Aktif,1336,GAZİOSMANPAŞA,40455,MERKEZ,41.05559916,28.90966919
183,Firma 679,2,Akaryakıt Lpg,Firma 10,Firma 10,1,Aktif,2048,ARNAVUTKÖY,40906,ÖMERLİ,41.09169625,28.63411926
184,Firma 894,2,Akaryakıt Lpg,Firma 7,Firma 18,1,Aktif,2004,BAĞCILAR,40174,KEMALPAŞA,41.05404038,28.85444228
185,Firma 649,1,Akaryakıt,Firma 32,,1,Aktif,1622,SİLİVRİ,40921,YENİ,41.07231784,28.27391577
186,Firma 484,1,Akaryakıt,Firma 14,,1,Aktif,1237,ÇATALCA,40917,ÇİFTLİKKÖY,41.33691805,28.41568618
187,Firma 650,1,Akaryakıt,Firma 15,,1,Aktif,1708,ÜSKÜDAR,40808,KİRAZLITEPE,41.03650507,29.06536996
188,Firma 565,2,Akaryakıt Lpg,Firma 2,Firma 48,1,Aktif,1237,ÇATALCA,191791,GÖKÇEALİ,41.19727482,28.44551218
189,Firma 327,2,Akaryakıt Lpg,Firma 2,Firma 6,1,Aktif,2053,ESENYURT,40851,FATİH,41.02936748,28.68260853
190,Firma 419,1,Akaryakıt,Firma 13,,1,Aktif,1449,KARTAL,40571,YALI,40.89993015,29.21995075
191,Firma 288,2,Akaryakıt Lpg,Firma 3,Firma 11,1,Aktif,2052,ÇEKMEKÖY,191997,REŞADİYE,41.07875581,29.25029521
192,Firma 262,2,Akaryakıt Lpg,Firma 32,,1,Aktif,2052,ÇEKMEKÖY,40752,NİŞANTEPE,41.04312366,29.27602181
193,Firma 15,2,Akaryakıt Lpg,Firma 3,Firma 11,1,Aktif,2053,ESENYURT,181508,SULTANİYE,41.02169457,28.68757661
194,Firma 119,2,Akaryakıt Lpg,Firma 15,Firma 42,1,Aktif,1708,ÜSKÜDAR,40781,ALTUNİZADE,41.02308930,29.04313523
195,Firma 731,2,Akaryakıt Lpg,Firma 12,Firma 47,1,Aktif,1823,KÜÇÜKÇEKMECE,40607,CENNET,40.98594941,28.78385495
196,Firma 669,1,Akaryakıt,Firma 14,,1,Aktif,1336,GAZİOSMANPAŞA,40457,FEVZİ ÇAKMAK,41.06964438,28.90311374
197,Firma 520,2,Akaryakıt Lpg,Firma 5,Firma 14,1,Aktif,2055,SULTANGAZİ,40466,YUNUS EMRE,41.09514910,28.89592117
198,Firma 236,1,Akaryakıt,Firma 5,,1,Aktif,1327,FATİH,40397,İSKENDERPAŞA,41.01637965,28.94926326
199,Firma 495,1,Akaryakıt,Firma 21,,1,Aktif,1237,ÇATALCA,40916,KARACAKÖY MERKEZ,41.40368877,28.37736237
200,Firma 878,2,Akaryakıt Lpg,Firma 10,Firma 29,1,Aktif,2048,ARNAVUTKÖY,191989,YASSIÖREN,41.18348043,28.59808428
201,Firma 623,2,Akaryakıt Lpg,Firma 5,Firma 14,1,Aktif,1823,KÜÇÜKÇEKMECE,40590,HALKALI MERKEZ,41.02941408,28.79570732
202,Firma 779,1,Akaryakıt,Firma 5,,1,Aktif,1622,SİLİVRİ,40919,PİRİ MEHMET PAŞA,41.07694152,28.24642011
203,Firma 761,2,Akaryakıt Lpg,Firma 13,Firma 39,1,Aktif,1886,BAYRAMPAŞA,40206,TERAZİDERE,41.02806636,28.90068303
204,Firma 214,2,Akaryakıt Lpg,Firma 10,Firma 10,1,Aktif,1186,BEYOĞLU,40302,KEÇECİ PİRİ,41.03833142,28.95672622
205,Firma 166,2,Akaryakıt Lpg,Firma 13,Firma 39,1,Aktif,1421,KADIKÖY,40508,KOŞUYOLU,41.00436516,29.03031176
206,Firma 8,1,Akaryakıt,Firma 13,,1,Aktif,1336,GAZİOSMANPAŞA,40462,MEVLANA,41.08253132,28.91672524
207,Firma 751,2,Akaryakıt Lpg,Firma 12,Firma 47,1,Aktif,1186,BEYOĞLU,40294,ÖMER AVNİ,41.03532153,28.99380776
208,Firma 744,1,Akaryakıt,Firma 5,,1,Aktif,2012,MALTEPE,40612,ALTAYÇEŞME,40.93139349,29.12881027
209,Firma 453,2,Akaryakıt Lpg,Firma 10,Firma 10,1,Aktif,1782,BÜYÜKÇEKMECE,40868,PINARTEPE,40.99781132,28.60520225
210,Firma 253,2,Akaryakıt Lpg,Firma 13,Firma 39,1,Aktif,1739,ZEYTİNBURNU,40836,VELİEFENDİ,40.99398610,28.89457035
211,Firma 466,2,Akaryakıt Lpg,Firma 13,Firma 39,1,Aktif,1835,PENDİK,40653,YENİŞEHİR,40.93937772,29.31722879
212,Firma 103,1,Akaryakıt,Firma 13,Firma 39,1,Aktif,2015,TUZLA,40720,AYDINLI,40.87124126,29.33149329
213,Firma 10,2,Akaryakıt Lpg,Firma 15,Firma 42,1,Aktif,2012,MALTEPE,40616,YALI,40.91444451,29.14083401
214,Firma 731,1,Akaryakıt,Firma 12,,1,Aktif,1810,KAĞITHANE,40553,YEŞİLCE,41.09362435,29.00441833
215,Firma 373,2,Akaryakıt Lpg,Firma 15,Firma 42,1,Aktif,1810,KAĞITHANE,40543,MERKEZ,41.07857234,28.97196755
216,Firma 112,1,Akaryakıt,Firma 14,,1,Aktif,1622,SİLİVRİ,191853,DANAMANDIRA,41.30537103,28.24175507
217,Firma 731,1,Akaryakıt,Firma 12,,1,Aktif,1852,ÜMRANİYE,40748,ATAKENT,41.02278530,29.10961330
218,Firma 449,2,Akaryakıt Lpg,Firma 10,Firma 10,1,Aktif,1739,ZEYTİNBURNU,40505,TOZKOPARAN,41.01981277,28.90877611
219,Firma 736,2,Akaryakıt Lpg,Firma 15,Firma 42,1,Aktif,1835,PENDİK,40648,YEŞİLBAĞLAR,40.89433953,29.22853250
220,Firma 185,2,Akaryakıt Lpg,Firma 10,Firma 10,1,Aktif,1663,ŞİŞLİ,40687,BOZKURT,41.04841645,28.98502515
221,Firma 598,1,Akaryakıt,Firma 12,,1,Aktif,2015,TUZLA,40729,ORTA,40.89881483,29.36930541
222,Firma 63,1,Akaryakıt,Firma 15,Firma 42,1,Aktif,2051,BEYLİKDÜZÜ,40894,YAKUPLU,40.98987317,28.66840080
223,Firma 731,2,Akaryakıt Lpg,Firma 12,Firma 47,1,Aktif,2005,BAHÇELİEVLER,40182,KOCASİNAN MERKEZ,41.01313068,28.84679765
224,Firma 471,2,Akaryakıt Lpg,Firma 10,Firma 10,1,Aktif,2054,SANCAKTEPE,40763,SARIGAZİ,41.00791108,29.20168331
225,Firma 633,2,Akaryakıt Lpg,Firma 5,Firma 14,1,Aktif,1166,BAKIRKÖY,40197,KARTALTEPE,40.98784904,28.88374387
226,Firma 489,2,Akaryakıt Lpg,Firma 20,Firma 50,1,Aktif,1835,PENDİK,40653,YENİŞEHİR,40.92653517,29.31562524
227,Firma 281,2,Akaryakıt Lpg,Firma 2,Firma 48,1,Aktif,2051,BEYLİKDÜZÜ,40870,DEREAĞZI,40.98943024,28.61889796
228,Firma 353,2,Akaryakıt Lpg,Firma 13,Firma 47,1,Aktif,1449,KARTAL,40555,CEVİZLİ,40.91616064,29.16989523
229,Firma 353,2,Akaryakıt Lpg,Firma 13,Firma 39,1,Aktif,1739,ZEYTİNBURNU,40842,MERKEZEFENDİ,41.01682003,28.91287897
230,Firma 490,1,Akaryakıt,Firma 12,,1,Aktif,2015,TUZLA,40728,ORHANLI,40.89393440,29.35516815
231,Firma 628,1,Akaryakıt,Firma 15,,1,Aktif,1622,SİLİVRİ,40921,YENİ,41.07458129,28.26178320
232,Firma 332,2,Akaryakıt Lpg,Firma 27,Firma 51,1,Aktif,2014,SULTANBEYLİ,40947,TURGUT REİS,40.96388354,29.28443917
233,Firma 731,2,Akaryakıt Lpg,Firma 13,Firma 39,1,Aktif,1782,BÜYÜKÇEKMECE,40887,MİMAR SİNAN,41.00797010,28.53766986
234,Firma 385,1,Akaryakıt,Firma 13,,1,Aktif,1622,SİLİVRİ,40923,MİMAR SİNAN,41.08141999,28.22079936
235,Firma 190,2,Akaryakıt Lpg,Firma 12,Firma 47,1,Aktif,1622,SİLİVRİ,40938,ORTAKÖY,41.08346835,28.36836091
236,Firma 140,1,Akaryakıt,Firma 13,,1,Aktif,2052,ÇEKMEKÖY,40757,MİMAR SİNAN,41.03232541,29.17362107
237,Firma 627,2,Akaryakıt Lpg,Firma 27,,1,Aktif,1823,KÜÇÜKÇEKMECE,40588,KARTALTEPE,41.00021027,28.80072929
238,Firma 519,1,Akaryakıt,Firma 10,,1,Aktif,1327,FATİH,40422,DERVİŞ ALİ,41.02980115,28.93902429
239,Firma 279,2,Akaryakıt Lpg,Firma 24,Firma 25,1,Aktif,1449,KARTAL,40567,SOĞANLIK YENİ,40.91692058,29.19568618
240,Firma 616,2,Akaryakıt Lpg,Firma 13,Firma 39,1,Aktif,2004,BAĞCILAR,40170,MAHMUTBEY,41.04460254,28.82071922
241,Firma 847,2,Akaryakıt Lpg,Firma 10,Firma 10,1,Aktif,1708,ÜSKÜDAR,40820,SELİMİYE,41.00831569,29.02304984
242,Firma 328,2,Akaryakıt Lpg,Firma 13,Firma 39,1,Aktif,1835,PENDİK,40641,YAYALAR,40.89918877,29.26866470
243,Firma 481,2,Akaryakıt Lpg,Firma 12,Firma 47,1,Aktif,1186,BEYOĞLU,40264,KAPTANPAŞA,41.04161852,28.96642489
244,Firma 390,2,Akaryakıt Lpg,Firma 15,Firma 42,1,Aktif,2054,SANCAKTEPE,40762,MECLİS,41.01369796,29.19118382
245,Firma 451,2,Akaryakıt Lpg,Firma 12,Firma 47,1,Aktif,1659,ŞİLE,40959,ÇAVUŞ,41.15688719,29.62826510
246,Firma 362,2,Akaryakıt Lpg,Firma 15,Firma 42,1,Aktif,1622,SİLİVRİ,40940,SELİMPAŞA,41.05631325,28.36998004
247,Firma 438,2,Akaryakıt Lpg,Firma 12,Firma 47,1,Aktif,2004,BAĞCILAR,40162,MERKEZ,41.02749641,28.85739339
248,Firma 746,2,Akaryakıt Lpg,Firma 10,Firma 10,1,Aktif,1708,ÜSKÜDAR,40781,ALTUNİZADE,41.02380587,29.04200380
249,Firma 507,1,Akaryakıt,Firma 10,,1,Aktif,2053,ESENYURT,40880,AKÇABURGAZ,41.05037257,28.62850889
250,Firma 215,2,Akaryakıt Lpg,Firma 15,Firma 42,1,Aktif,1325,EYÜPSULTAN,40368,KARADOLAP,41.06937155,28.93316692
251,Firma 893,2,Akaryakıt Lpg,Firma 10,Firma 10,1,Aktif,2053,ESENYURT,181508,SULTANİYE,41.02314038,28.68670988
252,Firma 816,1,Akaryakıt,Firma 3,,1,Aktif,1622,SİLİVRİ,40927,ALİPAŞA,41.10731249,28.22173863
253,Firma 106,1,Akaryakıt,Firma 13,,1,Aktif,1835,PENDİK,40634,GÜZELYALI,40.86125332,29.27186713
254,Firma 71,1,Akaryakıt,Firma 9,Firma 3,1,Aktif,2014,SULTANBEYLİ,40956,AKŞEMSETTİN,40.94238474,29.30108773
255,Firma 522,1,Akaryakıt,Firma 9,,1,Aktif,1663,ŞİŞLİ,40700,HUZUR,41.10294228,28.99991812
256,Firma 215,1,Akaryakıt,Firma 15,,1,Aktif,2049,ATAŞEHİR,40530,İÇERENKÖY,40.96618877,29.10487218
257,Firma 423,1,Akaryakıt,Firma 15,,1,Aktif,1852,ÜMRANİYE,98688,CEMİL MERİÇ,41.01604178,29.15031837
258,Firma 731,1,Akaryakıt,Firma 12,,1,Aktif,1886,BAYRAMPAŞA,40207,ALTINTEPSİ,41.04267971,28.89604688
259,Firma 476,2,Akaryakıt Lpg,Firma 12,Firma 47,1,Aktif,1835,PENDİK,40631,KAYNARCA,40.86945447,29.26901487
260,Firma 443,1,Akaryakıt,Firma 12,,1,Aktif,1604,SARIYER,40666,İSTİNYE,41.11428516,29.06011309
261,Firma 571,1,Akaryakıt,Firma 20,,1,Aktif,2054,SANCAKTEPE,40624,BÜYÜKBAKKALKÖY,40.98163881,29.22145731
262,Firma 353,2,Akaryakıt Lpg,Firma 13,Firma 39,1,Aktif,1622,SİLİVRİ,40941,BÜYÜK ÇAVUŞLU,41.25586386,28.03628635
263,Firma 694,2,Akaryakıt Lpg,Firma 15,Firma 42,1,Aktif,1449,KARTAL,40556,CUMHURİYET,40.91051823,29.21605159
264,Firma 447,2,Akaryakıt Lpg,,Firma 34,1,Aktif,2048,ARNAVUTKÖY,191985,BOYALIK,41.27717314,28.61228124
265,Firma 861,2,Akaryakıt Lpg,Firma 12,Firma 47,1,Aktif,2012,MALTEPE,40614,CEVİZLİ,40.91644049,29.14668450
266,Firma 852,2,Akaryakıt Lpg,Firma 13,Firma 38,1,Aktif,1186,BEYOĞLU,40289,SURURİ MEHMET EFENDİ,41.03845927,28.97348141
267,Firma 821,2,Akaryakıt Lpg,Firma 13,Firma 25,1,Aktif,1739,ZEYTİNBURNU,40505,TOZKOPARAN,41.01427770,28.90059434
268,Firma 889,1,Akaryakıt,Firma 13,,1,Aktif,2055,SULTANGAZİ,40471,50. YIL,41.09173674,28.86447997
269,Firma 70,2,Akaryakıt Lpg,Firma 10,Firma 10,1,Aktif,2005,BAHÇELİEVLER,40184,ÇOBANÇEŞME,40.99309489,28.82714527
270,Firma 366,2,Akaryakıt Lpg,Firma 7,Firma 52,1,Aktif,1622,SİLİVRİ,40938,ORTAKÖY,41.09428834,28.37628946
271,Firma 97,2,Akaryakıt Lpg,,,1,Aktif,1659,ŞİLE,191885,KIZILCA,41.16743031,29.54177093
272,Firma 401,1,Akaryakıt,Firma 13,,1,Aktif,2048,ARNAVUTKÖY,99359,ANADOLU,41.17749479,28.74801348
273,Firma 744,1,Akaryakıt,,Firma 14,1,Aktif,1835,PENDİK,40656,ÇAMLIK,40.91920839,29.28658978
274,Firma 353,2,Akaryakıt Lpg,Firma 13,Firma 39,1,Aktif,1708,ÜSKÜDAR,40788,BULGURLU,41.01682066,29.07617025
275,Firma 550,1,Akaryakıt,Firma 15,,1,Aktif,2014,SULTANBEYLİ,40950,MEHMET AKİF,40.96971958,29.26609861
276,Firma 353,1,Akaryakıt,Firma 13,,1,Aktif,1166,BAKIRKÖY,40199,ŞENLİKKÖY,40.97264735,28.78982828
277,Firma 924,2,Akaryakıt Lpg,Firma 13,Firma 38,1,Aktif,1325,EYÜPSULTAN,,,41.23374338,28.88446852
278,Firma 661,1,Akaryakıt,Firma 13,Firma 14,1,Aktif,2048,ARNAVUTKÖY,40483,BOĞAZKÖY İSTİKLAL,41.13664862,28.81122700
279,Firma 983,2,Akaryakıt Lpg,Firma 3,Firma 11,1,Aktif,1421,KADIKÖY,40528,19 MAYIS,40.97755127,29.09709300
280,Firma 170,1,Akaryakıt,Firma 10,,1,Aktif,1421,KADIKÖY,40515,FENERYOLU,40.98428999,29.05691032
281,Firma 938,2,Akaryakıt Lpg,Firma 12,Firma 47,1,Aktif,2014,SULTANBEYLİ,40943,ADİL,40.97286792,29.26230214
282,Firma 877,1,Akaryakıt,Firma 13,,1,Aktif,1886,BAYRAMPAŞA,40208,YENİDOĞAN,41.03959059,28.91131820
283,Firma 719,2,Akaryakıt Lpg,Firma 12,Firma 47,1,Aktif,2055,SULTANGAZİ,40471,50. YIL,41.08708975,28.86891506
284,Firma 269,2,Akaryakıt Lpg,Firma 12,Firma 10,1,Aktif,2055,SULTANGAZİ,40473,UĞUR MUMCU,41.10404414,28.86197178
285,Firma 306,1,Akaryakıt,Firma 15,,1,Aktif,1185,BEYKOZ,191701,AKBABA,41.14832259,29.11321153
286,Firma 169,1,Akaryakıt,Firma 12,,1,Aktif,1325,EYÜPSULTAN,40361,DEFTERDAR,41.03746456,28.92574623
287,Firma 215,1,Akaryakıt,Firma 15,,1,Aktif,2003,AVCILAR,,,41.05779921,28.71278394
288,Firma 52,1,Akaryakıt,Firma 13,,1,Aktif,2048,ARNAVUTKÖY,40912,HASTANE,41.15816138,28.61356557
289,Firma 333,2,Akaryakıt Lpg,Firma 10,Firma 10,1,Aktif,2004,BAĞCILAR,40175,GÖZTEPE,41.05668763,28.83049742
290,Firma 974,2,Akaryakıt Lpg,Firma 13,Firma 39,1,Aktif,1835,PENDİK,40628,BAHÇELİEVLER,40.88688466,29.23998611
291,Firma 610,1,Akaryakıt,Firma 3,,1,Aktif,1659,ŞİLE,191861,AHMETLİ,41.14440700,29.57629350
292,Firma 503,2,Akaryakıt Lpg,Firma 5,Firma 14,1,Aktif,1782,BÜYÜKÇEKMECE,40887,MİMAR SİNAN,41.01976026,28.56367183
293,Firma 900,2,Akaryakıt Lpg,Firma 10,Firma 10,1,Aktif,1325,EYÜPSULTAN,40370,MİTHATPAŞA,41.16944965,28.90500865
294,Firma 92,1,Akaryakıt,Firma 12,Firma 36,1,Aktif,2015,TUZLA,40718,EVLİYA ÇELEBİ,40.84673672,29.29609942
295,Firma 969,2,Akaryakıt Lpg,Firma 3,Firma 11,1,Aktif,2015,TUZLA,40722,ŞİFA,40.81725610,29.36250854
296,Firma 989,2,Akaryakıt Lpg,Firma 2,Firma 48,1,Aktif,2051,BEYLİKDÜZÜ,40869,ADNAN KAHVECİ,40.99610084,28.62528870
297,Firma 79,3,Lpg,,Firma 28,1,Aktif,1823,KÜÇÜKÇEKMECE,40590,HALKALI MERKEZ,41.03686638,28.81027951
298,Firma 604,2,Akaryakıt Lpg,,,1,Aktif,1421,KADIKÖY,40519,MERDİVENKÖY,40.99066123,29.07682169
299,Firma 89,1,Akaryakıt,Firma 5,,1,Aktif,1449,KARTAL,40563,KORDONBOYU,40.88755051,29.19164291
300,Firma 353,1,Akaryakıt,Firma 13,,1,Aktif,2048,ARNAVUTKÖY,40906,ÖMERLİ,41.09032672,28.63415889
301,Firma 401,2,Akaryakıt Lpg,Firma 10,Firma 10,1,Aktif,1852,ÜMRANİYE,98701,SARAY,41.02251645,29.11600808
302,Firma 685,2,Akaryakıt Lpg,Firma 13,Firma 39,1,Aktif,2014,SULTANBEYLİ,40944,BATTALGAZİ,40.98258981,29.26674689
303,Firma 609,2,Akaryakıt Lpg,Firma 13,Firma 39,1,Aktif,1810,KAĞITHANE,40543,MERKEZ,41.08423543,28.97827214
304,Firma 684,2,Akaryakıt Lpg,Firma 13,Firma 10,1,Aktif,1835,PENDİK,40652,YENİ,40.88107458,29.23236200
305,Firma 256,2,Akaryakıt Lpg,Firma 10,Firma 10,1,Aktif,2015,TUZLA,,,40.91719110,29.35437229
306,Firma 421,2,Akaryakıt Lpg,Firma 24,Firma 25,1,Aktif,1835,PENDİK,40629,FEVZİ ÇAKMAK,40.88005500,29.25938796
307,Firma 720,2,Akaryakıt Lpg,Firma 10,Firma 10,1,Aktif,1823,KÜÇÜKÇEKMECE,40590,HALKALI MERKEZ,41.02923287,28.80651589
308,Firma 365,2,Akaryakıt Lpg,Firma 10,Firma 10,1,Aktif,1782,BÜYÜKÇEKMECE,99334,ÇAKMAKLI,41.06395049,28.62197960
309,Firma 496,2,Akaryakıt Lpg,Firma 10,Firma 33,1,Aktif,2050,BAŞAKŞEHİR,40581,BAŞAKŞEHİR,,
310,Firma 159,2,Akaryakıt Lpg,Firma 13,Firma 39,1,Aktif,2054,SANCAKTEPE,40771,SAFA,41.01373120,29.24597297
311,Firma 225,1,Akaryakıt,Firma 13,,1,Aktif,2053,ESENYURT,181508,SULTANİYE,41.03210179,28.68206942
312,Firma 559,2,Akaryakıt Lpg,Firma 5,Firma 14,1,Aktif,2004,BAĞCILAR,40175,GÖZTEPE,41.05403682,28.83352668
313,Firma 16,1,Akaryakıt,Firma 15,,1,Aktif,1327,FATİH,99139,KARAGÜMRÜK,41.02860721,28.93680477
314,Firma 567,2,Akaryakıt Lpg,Firma 13,Firma 39,1,Aktif,2004,BAĞCILAR,40170,MAHMUTBEY,41.05997752,28.83135469
315,Firma 744,2,Akaryakıt Lpg,Firma 5,Firma 14,1,Aktif,2004,BAĞCILAR,40155,BAĞLAR,41.02608257,28.81410163
316,Firma 393,2,Akaryakıt Lpg,Firma 27,Firma 51,1,Aktif,1739,ZEYTİNBURNU,40842,MERKEZEFENDİ,41.01629900,28.91167162
317,Firma 389,2,Akaryakıt Lpg,Firma 15,Firma 48,1,Aktif,1237,ÇATALCA,191815,SUBAŞI,41.22299745,28.45500613
318,Firma 401,2,Akaryakıt Lpg,Firma 10,Firma 10,1,Aktif,1823,KÜÇÜKÇEKMECE,40589,GÜLTEPE,40.99291354,28.79361403
319,Firma 55,2,Akaryakıt Lpg,Firma 2,Firma 48,1,Aktif,1186,BEYOĞLU,40297,KEMANKEŞ KARAMUSTAFAPAŞA,41.02601545,28.97975053
320,Firma 731,2,Akaryakıt Lpg,,,1,Aktif,1823,KÜÇÜKÇEKMECE,40582,ATAKENT,41.03474573,28.76686786
321,Firma 4,1,Akaryakıt,,,1,Aktif,2050,BAŞAKŞEHİR,40583,KAYABAŞI,,
322,Firma 729,3,Lpg,,Firma 45,1,Aktif,1336,GAZİOSMANPAŞA,40460,YENİ MAHALLE,41.08082731,28.89435742
323,Firma 109,1,Akaryakıt,Firma 15,,1,Aktif,1835,PENDİK,40630,ŞEYHLİ,40.90789654,29.29335117
324,Firma 621,2,Akaryakıt Lpg,Firma 5,Firma 14,1,Aktif,2048,ARNAVUTKÖY,40485,MAVİGÖL,41.20339590,28.75979455
325,Firma 233,1,Akaryakıt,Firma 13,,1,Aktif,2012,MALTEPE,40612,ALTAYÇEŞME,40.92936189,29.12954455
326,Firma 266,2,Akaryakıt Lpg,Firma 12,Firma 47,1,Aktif,1659,ŞİLE,40961,AĞVA MERKEZ,41.12918897,29.85330148
327,Firma 857,2,Akaryakıt Lpg,Firma 12,Firma 47,1,Aktif,1835,PENDİK,40630,ŞEYHLİ,40.90436916,29.27867645
328,Firma 593,1,Akaryakıt,Firma 5,,1,Aktif,1886,BAYRAMPAŞA,40212,KOCATEPE,41.05010145,28.89979986
329,Firma 692,1,Akaryakıt,Firma 12,,1,Aktif,1810,KAĞITHANE,40536,ÇELİKTEPE,41.08336653,28.99973039
330,Firma 709,2,Akaryakıt Lpg,Firma 15,Firma 42,1,Aktif,1336,GAZİOSMANPAŞA,40463,KARAYOLLARI,41.08065521,28.90724531
331,Firma 423,2,Akaryakıt Lpg,Firma 5,,1,Aktif,1835,PENDİK,40631,KAYNARCA,40.86453919,29.27137385
332,Firma 66,2,Akaryakıt Lpg,Firma 9,Firma 26,1,Aktif,1835,PENDİK,40634,GÜZELYALI,40.85619462,29.28717171
333,Firma 426,1,Akaryakıt,Firma 13,,1,Aktif,2049,ATAŞEHİR,40531,KÜÇÜKBAKKALKÖY,40.97831858,29.12361155
334,Firma 907,2,Akaryakıt Lpg,Firma 10,Firma 33,1,Aktif,2050,BAŞAKŞEHİR,40583,KAYABAŞI,,
335,Firma 139,1,Akaryakıt,Firma 9,,1,Aktif,1336,GAZİOSMANPAŞA,40455,MERKEZ,41.05413073,28.91050432
336,Firma 731,1,Akaryakıt,Firma 12,,1,Aktif,1823,KÜÇÜKÇEKMECE,40593,TEVFİKBEY,41.00999857,28.79432010
337,Firma 651,1,Akaryakıt,Firma 12,,1,Aktif,2052,ÇEKMEKÖY,40749,ALEMDAĞ,41.03967624,29.23452196
338,Firma 954,2,Akaryakıt Lpg,Firma 10,Firma 10,1,Aktif,1449,KARTAL,40559,ESENTEPE,40.91212164,29.19191256
339,Firma 301,2,Akaryakıt Lpg,Firma 10,Firma 10,1,Aktif,1810,KAĞITHANE,40552,YAHYA KEMAL,41.08893676,28.98501544
340,Firma 771,1,Akaryakıt,Firma 13,,1,Aktif,1886,BAYRAMPAŞA,40209,İSMET PAŞA,41.04060278,28.91167199
341,Firma 553,2,Akaryakıt Lpg,Firma 12,Firma 47,1,Aktif,2005,BAHÇELİEVLER,40177,BAHÇELİEVLER,41.00227299,28.88296925
342,Firma 494,2,Akaryakıt Lpg,Firma 5,Firma 14,1,Aktif,1886,BAYRAMPAŞA,40203,CEVATPAŞA,41.07299288,28.88672428
343,Firma 370,2,Akaryakıt Lpg,Firma 15,Firma 42,1,Aktif,1185,BEYKOZ,40246,GÖZTEPE,41.08110132,29.07702496
344,Firma 911,1,Akaryakıt,Firma 12,,1,Aktif,1327,FATİH,99142,ZEYREK,41.01876263,28.95443025
345,Firma 8,2,Akaryakıt Lpg,Firma 13,Firma 39,1,Aktif,2016,ESENLER,40348,BİRLİK,41.05385238,28.86634702
346,Firma 864,1,Akaryakıt,Firma 22,,1,Aktif,1622,SİLİVRİ,40940,SELİMPAŞA,41.06504724,28.32098610
347,Firma 341,1,Akaryakıt,Firma 12,,1,Aktif,1835,PENDİK,40644,ÇINARDERE,40.89040395,29.23603291
348,Firma 927,1,Akaryakıt,Firma 15,Firma 42,1,Aktif,2051,BEYLİKDÜZÜ,40893,MARMARA,40.98186429,28.68256861
349,Firma 286,1,Akaryakıt,Firma 5,,1,Aktif,1183,BEŞİKTAŞ,40230,NİSBETİYE,41.07384915,29.01594593
350,Firma 593,1,Akaryakıt,Firma 5,,1,Aktif,1886,BAYRAMPAŞA,40211,KARTALTEPE,41.05569525,28.89676411
351,Firma 475,2,Akaryakıt Lpg,Firma 13,Firma 39,1,Aktif,2048,ARNAVUTKÖY,40912,HASTANE,41.15255923,28.61693973
352,Firma 654,2,Akaryakıt Lpg,Firma 14,Firma 25,1,Aktif,1237,ÇATALCA,40903,ATATÜRK,41.41019550,28.18547550
353,Firma 401,2,Akaryakıt Lpg,Firma 15,Firma 42,1,Aktif,1336,GAZİOSMANPAŞA,40461,KAZIM KARABEKİR,41.06957312,28.91646330
354,Firma 711,1,Akaryakıt,Firma 3,,1,Aktif,1810,KAĞITHANE,40539,GÜRSEL,41.07514309,28.96960020
355,Firma 27,2,Akaryakıt Lpg,Firma 12,Firma 47,1,Aktif,1782,BÜYÜKÇEKMECE,40846,CUMHURİYET,41.01952776,28.62933529
356,Firma 802,2,Akaryakıt Lpg,Firma 5,Firma 14,1,Aktif,2015,TUZLA,40726,TEPEÖREN,40.94062621,29.36988150
357,Firma 934,1,Akaryakıt,Firma 5,,1,Aktif,1810,KAĞITHANE,40546,ORTABAYIR,41.07888405,29.00292394
358,Firma 243,2,Akaryakıt Lpg,Firma 10,Firma 10,1,Aktif,1823,KÜÇÜKÇEKMECE,40595,SULTAN MURAT,41.00259596,28.78740856
359,Firma 754,2,Akaryakıt Lpg,Firma 10,Firma 33,1,Aktif,2055,SULTANGAZİ,40356,ESKİ HABİPLER,41.13196351,28.82696282
360,Firma 593,1,Akaryakıt,Firma 5,,1,Aktif,1739,ZEYTİNBURNU,40836,VELİEFENDİ,40.99509797,28.89498736
361,Firma 886,2,Akaryakıt Lpg,Firma 10,Firma 10,1,Aktif,2053,ESENYURT,40858,SAADETDERE,41.00935027,28.70135904
362,Firma 643,1,Akaryakıt,Firma 12,,1,Aktif,2048,ARNAVUTKÖY,99358,MUSTAFA KEMAL PAŞA,41.19165865,28.73369324
363,Firma 916,2,Akaryakıt Lpg,Firma 22,Firma 29,1,Aktif,1782,BÜYÜKÇEKMECE,40887,MİMAR SİNAN,41.02102385,28.56318003
364,Firma 114,2,Akaryakıt Lpg,Firma 22,Firma 13,1,Aktif,1336,GAZİOSMANPAŞA,40460,YENİ MAHALLE,41.08208320,28.89300155
365,Firma 7,2,Akaryakıt Lpg,Firma 11,Firma 29,1,Aktif,1336,GAZİOSMANPAŞA,40463,KARAYOLLARI,41.08698267,28.88928688
366,Firma 113,2,Akaryakıt Lpg,Firma 10,Firma 10,1,Aktif,2053,ESENYURT,181522,KOZA,41.08044666,28.65244850
367,Firma 761,2,Akaryakıt Lpg,Firma 13,,1,Aktif,1886,BAYRAMPAŞA,40206,TERAZİDERE,41.02805148,28.89936721
368,Firma 744,2,Akaryakıt Lpg,Firma 5,Firma 14,1,Aktif,1421,KADIKÖY,40525,SAHRAYICEDİT,40.98152792,29.08135026
369,Firma 353,2,Akaryakıt Lpg,Firma 13,Firma 39,1,Aktif,2050,BAŞAKŞEHİR,40871,BAHÇEŞEHİR 1. KISIM,41.07178455,28.69399993
370,Firma 793,2,Akaryakıt Lpg,,,1,Aktif,2051,BEYLİKDÜZÜ,40873,KAVAKLI,40.98940391,28.65694297
371,Firma 149,2,Akaryakıt Lpg,Firma 3,Firma 10,1,Aktif,2055,SULTANGAZİ,40465,CUMHURİYET,41.08989876,28.88303667
372,Firma 268,1,Akaryakıt,Firma 13,,1,Aktif,1622,SİLİVRİ,40930,BALABAN,41.06038321,28.08431524
373,Firma 50,2,Akaryakıt Lpg,Firma 13,Firma 39,1,Aktif,2055,SULTANGAZİ,40465,CUMHURİYET,41.09130079,28.88428792
374,Firma 657,2,Akaryakıt Lpg,Firma 10,,1,Aktif,2015,TUZLA,40718,EVLİYA ÇELEBİ,40.83733449,29.29604496
375,Firma 353,2,Akaryakıt Lpg,Firma 13,Firma 39,1,Aktif,1421,KADIKÖY,40509,ACIBADEM,41.00318460,29.03408572
376,Firma 172,2,Akaryakıt Lpg,Firma 13,Firma 39,1,Aktif,2016,ESENLER,40352,KEMER,41.05482568,28.87583121
377,Firma 744,1,Akaryakıt,Firma 12,,1,Aktif,1166,BAKIRKÖY,40197,KARTALTEPE,40.98804233,28.88413130
378,Firma 421,2,Akaryakıt Lpg,Firma 13,Firma 39,1,Aktif,2052,ÇEKMEKÖY,40756,MERKEZ,41.03704410,29.15567680
379,Firma 808,1,Akaryakıt,Firma 10,,1,Aktif,1325,EYÜPSULTAN,40362,DÜĞMECİLER,41.04574924,28.93140871
380,Firma 831,1,Akaryakıt,Firma 13,,1,Aktif,2051,BEYLİKDÜZÜ,40867,GÜRPINAR,40.99598980,28.60619924
381,Firma 372,1,Akaryakıt,,,1,Aktif,1835,PENDİK,40646,KAVAKPINAR,40.88608338,29.28652515
382,Firma 55,2,Akaryakıt Lpg,Firma 9,Firma 3,1,Aktif,1782,BÜYÜKÇEKMECE,40868,PINARTEPE,41.01634011,28.62590929
383,Firma 899,1,Akaryakıt,Firma 13,,1,Aktif,1622,SİLİVRİ,40941,BÜYÜK ÇAVUŞLU,41.20384889,28.07676941
384,Firma 595,1,Akaryakıt,Firma 19,,1,Aktif,1659,ŞİLE,191931,DEĞİRMENÇAYIRI,40.98275215,29.66576089
385,Firma 549,1,Akaryakıt,Firma 10,,1,Aktif,1166,BAKIRKÖY,40202,ATAKÖY 1. KISIM,40.97402414,28.87318947
386,Firma 456,1,Akaryakıt,Firma 13,,1,Aktif,2015,TUZLA,40732,MESCİT,40.88118159,29.34513705
387,Firma 731,,Bilinmiyor,Firma 12,Firma 47,1,Aktif,1708,ÜSKÜDAR,40785,BAHÇELİEVLER,41.04925741,29.07687186
388,Firma 933,2,Akaryakıt Lpg,Firma 10,Firma 29,1,Aktif,2052,ÇEKMEKÖY,191999,SIRAPINAR,41.10996478,29.31070260
389,Firma 218,2,Akaryakıt Lpg,Firma 5,Firma 10,1,Aktif,2014,SULTANBEYLİ,40950,MEHMET AKİF,40.96503519,29.27201947
390,Firma 814,2,Akaryakıt Lpg,Firma 13,Firma 39,1,Aktif,1823,KÜÇÜKÇEKMECE,40606,FATİH,40.98684199,28.76996141
391,Firma 401,1,Akaryakıt,Firma 13,,1,Aktif,2049,ATAŞEHİR,40533,KAYIŞDAĞI,40.98766792,29.14387497
392,Firma 488,1,Akaryakıt,Firma 13,,1,Aktif,1421,KADIKÖY,40523,BOSTANCI,40.95732295,29.09763305
393,Firma 487,2,Akaryakıt Lpg,Firma 5,Firma 14,1,Aktif,1336,GAZİOSMANPAŞA,40460,YENİ MAHALLE,41.07809364,28.89904062
394,Firma 233,1,Akaryakıt,Firma 12,Firma 47,1,Aktif,1835,PENDİK,40631,KAYNARCA,40.87516932,29.25431090
395,Firma 859,2,Akaryakıt Lpg,Firma 15,,1,Aktif,1166,BAKIRKÖY,40197,KARTALTEPE,40.99700685,28.87159734
396,Firma 785,1,Akaryakıt,Firma 5,,1,Aktif,2005,BAHÇELİEVLER,40177,BAHÇELİEVLER,41.00336557,28.86629591
397,Firma 425,1,Akaryakıt,Firma 7,,1,Aktif,1237,ÇATALCA,191785,ÇANAKÇA,41.25125326,28.49238990
398,Firma 353,2,Akaryakıt Lpg,Firma 13,Firma 39,1,Aktif,2012,MALTEPE,40618,GİRNE,40.93891894,29.13621962
399,Firma 8,2,Akaryakıt Lpg,Firma 13,Firma 39,1,Aktif,2055,SULTANGAZİ,40472,SULTANÇİFTLİĞİ,41.09355800,28.86348523
400,Firma 450,2,Akaryakıt Lpg,Firma 5,Firma 14,1,Aktif,1186,BEYOĞLU,40305,ÖRNEKTEPE,41.05692589,28.95109131
401,Firma 539,2,Akaryakıt Lpg,Firma 13,Firma 39,1,Aktif,2053,ESENYURT,40881,ATATÜRK,41.01967015,28.63169775
402,Firma 461,2,Akaryakıt Lpg,,,1,Aktif,2004,BAĞCILAR,40170,MAHMUTBEY,41.04958293,28.82047125
403,Firma 345,2,Akaryakıt Lpg,Firma 15,Firma 42,1,Aktif,1325,EYÜPSULTAN,40365,MERKEZ,41.05667261,28.93911900
404,Firma 144,1,Akaryakıt,Firma 10,,1,Aktif,1835,PENDİK,40628,BAHÇELİEVLER,40.89141356,29.23323457
405,Firma 724,2,Akaryakıt Lpg,Firma 10,Firma 10,1,Aktif,2054,SANCAKTEPE,98781,ATATÜRK,41.00851137,29.21597958
406,Firma 215,1,Akaryakıt,,,1,Aktif,1823,KÜÇÜKÇEKMECE,40582,ATAKENT,41.06121582,28.77545646
407,Firma 232,2,Akaryakıt Lpg,Firma 5,Firma 14,1,Aktif,1622,SİLİVRİ,40940,SELİMPAŞA,41.06432041,28.32077228
408,Firma 34,1,Akaryakıt,Firma 13,,1,Aktif,1166,BAKIRKÖY,40190,YENİMAHALLE,40.98161978,28.88431083
409,Firma 596,2,Akaryakıt Lpg,Firma 13,Firma 39,1,Aktif,1835,PENDİK,40627,DOĞU,40.88151563,29.24040116
410,Firma 477,1,Akaryakıt,Firma 10,,1,Aktif,1835,PENDİK,40630,ŞEYHLİ,40.90536913,29.28536192
411,Firma 316,1,Akaryakıt,Firma 13,,1,Aktif,2005,BAHÇELİEVLER,40183,YENİBOSNA MERKEZ,41.01390184,28.82591129
412,Firma 935,2,Akaryakıt Lpg,Firma 15,Firma 42,1,Aktif,1622,SİLİVRİ,40923,MİMAR SİNAN,41.08089449,28.20540691
413,Firma 165,1,Akaryakıt,Firma 10,,1,Aktif,1663,ŞİŞLİ,40697,HALİL RIFAT PAŞA,41.05653604,28.96513367
414,Firma 130,1,Akaryakıt,Firma 13,,1,Aktif,2004,BAĞCILAR,40170,MAHMUTBEY,41.04591634,28.82983716
415,Firma 720,1,Akaryakıt,Firma 10,,1,Aktif,1782,BÜYÜKÇEKMECE,40846,CUMHURİYET,41.01896944,28.63108952
416,Firma 437,2,Akaryakıt Lpg,Firma 13,Firma 39,1,Aktif,2004,BAĞCILAR,40166,KİRAZLI,41.03264496,28.83403227
417,Firma 854,2,Akaryakıt Lpg,Firma 10,,1,Aktif,1782,BÜYÜKÇEKMECE,40888,MURAT ÇESME,41.01262049,28.53723371
418,Firma 897,2,Akaryakıt Lpg,Firma 15,Firma 28,1,Aktif,1886,BAYRAMPAŞA,40210,YILDIRIM,41.06114050,28.89214984
419,Firma 8,2,Akaryakıt Lpg,Firma 13,Firma 39,1,Aktif,1810,KAĞITHANE,40543,MERKEZ,41.08562417,28.96854454
420,Firma 979,1,Akaryakıt,,,1,Aktif,1835,PENDİK,40629,FEVZİ ÇAKMAK,40.89092212,29.26322309
421,Firma 524,2,Akaryakıt Lpg,Firma 10,Firma 10,1,Aktif,2015,TUZLA,40731,FATİH,40.91728049,29.35200438
422,Firma 36,2,Akaryakıt Lpg,Firma 10,Firma 10,1,Aktif,1185,BEYKOZ,40241,ÇUBUKLU,41.09487573,29.09087267
423,Firma 123,1,Akaryakıt,Firma 10,Firma 10,1,Aktif,2054,SANCAKTEPE,40762,MECLİS,41.00798822,29.19311182
424,Firma 89,1,Akaryakıt,Firma 13,,1,Aktif,2049,ATAŞEHİR,40530,İÇERENKÖY,40.96706594,29.10422482
425,Firma 196,1,Akaryakıt,Firma 12,,1,Aktif,1336,GAZİOSMANPAŞA,40458,HÜRRİYET,41.06180709,28.90231997
426,Firma 467,1,Akaryakıt,Firma 3,Firma 11,1,Aktif,1336,GAZİOSMANPAŞA,40458,HÜRRİYET,41.07048389,28.90229838
427,Firma 982,1,Akaryakıt,Firma 15,,1,Aktif,1835,PENDİK,40633,BATI,40.87573633,29.23297247
428,Firma 546,1,Akaryakıt,Firma 13,,1,Aktif,1336,GAZİOSMANPAŞA,40461,KAZIM KARABEKİR,41.08372140,28.90890001
429,Firma 33,2,Akaryakıt Lpg,Firma 12,Firma 37,1,Aktif,2050,BAŞAKŞEHİR,40871,BAHÇEŞEHİR 1. KISIM,41.06043310,28.69851730
430,Firma 364,2,Akaryakıt Lpg,Firma 10,Firma 10,1,Aktif,1183,BEŞİKTAŞ,40225,ORTAKÖY,41.05444498,29.03377410
431,Firma 136,2,Akaryakıt Lpg,Firma 5,Firma 14,1,Aktif,2010,GÜNGÖREN,40504,ABDURRAHMAN NAFİZ GÜRMAN,41.00477714,28.89232007
432,Firma 943,2,Akaryakıt Lpg,Firma 10,Firma 10,1,Aktif,1449,KARTAL,40555,CEVİZLİ,40.91117178,29.18168180
433,Firma 733,2,Akaryakıt Lpg,Firma 13,Firma 39,1,Aktif,2053,ESENYURT,181480,OSMANGAZİ,41.03797011,28.64186646
434,Firma 401,2,Akaryakıt Lpg,Firma 9,Firma 42,1,Aktif,1708,ÜSKÜDAR,98667,KÜÇÜKÇAMLICA,41.01562930,29.07459879
435,Firma 782,2,Akaryakıt Lpg,Firma 22,Firma 29,1,Aktif,1823,KÜÇÜKÇEKMECE,40587,SÖĞÜTLÜ ÇEŞME,41.01293832,28.79168159
436,Firma 40,1,Akaryakıt,Firma 12,,1,Aktif,1604,SARIYER,40704,MASLAK,41.11577160,29.02328368
437,Firma 599,2,Akaryakıt Lpg,Firma 10,Firma 10,1,Aktif,1852,ÜMRANİYE,40748,ATAKENT,41.02308828,29.10803600
438,Firma 839,1,Akaryakıt,Firma 12,,1,Aktif,2012,MALTEPE,40611,KÜÇÜKYALI MERKEZ,40.94801038,29.10653007
439,Firma 149,2,Akaryakıt Lpg,Firma 3,Firma 11,1,Aktif,1449,KARTAL,40556,CUMHURİYET,40.89707377,29.22570029
440,Firma 969,2,Akaryakıt Lpg,Firma 3,Firma 11,1,Aktif,1325,EYÜPSULTAN,191753,PİRİNÇÇİ,41.20086472,28.82506620
441,Firma 336,1,Akaryakıt,Firma 13,Firma 39,1,Aktif,1739,ZEYTİNBURNU,40840,KAZLIÇEŞME,40.98166199,28.89088175
442,Firma 374,2,Akaryakıt Lpg,Firma 13,Firma 39,1,Aktif,2055,SULTANGAZİ,40474,CEBECİ,41.10887447,28.85970541
443,Firma 704,2,Akaryakıt Lpg,Firma 13,Firma 39,1,Aktif,2054,SANCAKTEPE,40576,FATİH,40.95854245,29.21479814
444,Firma 61,1,Akaryakıt,Firma 12,,1,Aktif,2055,SULTANGAZİ,40467,75. YIL,41.09865103,28.90037320
445,Firma 429,2,Akaryakıt Lpg,Firma 10,Firma 10,1,Aktif,1835,PENDİK,40645,ORTA,40.88658933,29.24185877
446,Firma 353,2,Akaryakıt Lpg,Firma 15,Firma 42,1,Aktif,2050,BAŞAKŞEHİR,40871,BAHÇEŞEHİR 1. KISIM,41.05981170,28.69920805
447,Firma 958,1,Akaryakıt,Firma 21,,1,Aktif,1237,ÇATALCA,40900,İZZETTİN,41.17215571,28.50272719
448,Firma 665,2,Akaryakıt Lpg,Firma 15,Firma 42,1,Aktif,1185,BEYKOZ,40250,ACARLAR,41.12164292,29.14625501
449,Firma 931,2,Akaryakıt Lpg,Firma 12,Firma 22,1,Aktif,2014,SULTANBEYLİ,40948,HASANPAŞA,40.97177557,29.24849597
450,Firma 875,2,Akaryakıt Lpg,Firma 13,Firma 39,1,Aktif,1166,BAKIRKÖY,40199,ŞENLİKKÖY,40.98640206,28.81960077
451,Firma 291,2,Akaryakıt Lpg,Firma 13,Firma 39,1,Aktif,1852,ÜMRANİYE,40745,IHLAMURKUYU,41.02058605,29.12964144
452,Firma 348,2,Akaryakıt Lpg,Firma 12,Firma 36,1,Aktif,2004,BAĞCILAR,40170,MAHMUTBEY,41.05882767,28.83104024
453,Firma 135,2,Akaryakıt Lpg,Firma 15,Firma 42,1,Aktif,1622,SİLİVRİ,40935,GÜMÜŞYAKA,41.04359049,28.03589148
454,Firma 744,1,Akaryakıt,Firma 5,,1,Aktif,2054,SANCAKTEPE,40762,MECLİS,41.00975537,29.21090597
455,Firma 131,2,Akaryakıt Lpg,Firma 15,Firma 42,1,Aktif,1852,ÜMRANİYE,40737,İNKILAP,41.03100559,29.10747116
456,Firma 581,2,Akaryakıt Lpg,Firma 27,Firma 51,1,Aktif,2052,ÇEKMEKÖY,40756,MERKEZ,41.04493396,29.17717304
457,Firma 123,1,Akaryakıt,Firma 10,Firma 10,1,Aktif,2054,SANCAKTEPE,40576,FATİH,40.95684723,29.21389622
458,Firma 311,2,Akaryakıt Lpg,Firma 7,Firma 52,1,Aktif,1622,SİLİVRİ,40940,SELİMPAŞA,41.05166704,28.38699643
459,Firma 392,1,Akaryakıt,Firma 13,,1,Aktif,1604,SARIYER,40661,ÇAYIRBAŞI,41.15603424,29.03575604
460,Firma 941,1,Akaryakıt,Firma 5,,1,Aktif,1659,ŞİLE,191861,AHMETLİ,41.16117111,29.59034112
461,Firma 867,1,Akaryakıt,Firma 27,,1,Aktif,1325,EYÜPSULTAN,40359,ALİBEYKÖY,41.08344499,28.94887753
462,Firma 472,2,Akaryakıt Lpg,Firma 13,Firma 39,1,Aktif,1186,BEYOĞLU,40279,İSTİKLAL,41.04063261,28.96738729
463,Firma 353,1,Akaryakıt,Firma 5,,1,Aktif,1185,BEYKOZ,40248,RÜZGARLIBAHÇE,41.09474789,29.09756142
464,Firma 740,2,Akaryakıt Lpg,Firma 27,Firma 53,1,Aktif,2015,TUZLA,40730,ANADOLU,40.90858905,29.36098610
465,Firma 289,2,Akaryakıt Lpg,,,1,Aktif,2048,ARNAVUTKÖY,40906,ÖMERLİ,,
466,Firma 283,1,Akaryakıt,Firma 9,,1,Aktif,2049,ATAŞEHİR,40577,FERHATPAŞA,40.99031873,29.17570324
467,Firma 481,1,Akaryakıt,Firma 12,,1,Aktif,2049,ATAŞEHİR,40531,KÜÇÜKBAKKALKÖY,40.98599295,29.10873277
468,Firma 612,1,Akaryakıt,Firma 13,,1,Aktif,1183,BEŞİKTAŞ,40222,GAYRETTEPE,41.06142149,29.01104994
469,Firma 950,2,Akaryakıt Lpg,Firma 10,Firma 29,1,Aktif,2014,SULTANBEYLİ,40948,HASANPAŞA,40.96817004,29.25312263
470,Firma 702,2,Akaryakıt Lpg,Firma 13,Firma 39,1,Aktif,2010,GÜNGÖREN,40501,HAZNEDAR,41.00691653,28.87140247
471,Firma 130,2,Akaryakıt Lpg,Firma 7,Firma 52,1,Aktif,1663,ŞİŞLİ,40694,FULYA,41.06122011,29.00124934
472,Firma 796,1,Akaryakıt,,,1,Aktif,2015,TUZLA,40729,ORTA,40.88835178,29.37472123
473,Firma 841,2,Akaryakıt Lpg,Firma 2,Firma 25,1,Aktif,2014,SULTANBEYLİ,40955,ORHANGAZİ,40.94061661,29.28526576
474,Firma 511,2,Akaryakıt Lpg,Firma 10,Firma 10,1,Aktif,2010,GÜNGÖREN,40498,GENÇOSMAN,41.03248925,28.88381225
475,Firma 187,2,Akaryakıt Lpg,Firma 10,Firma 29,1,Aktif,2054,SANCAKTEPE,40775,MERVE,41.00720945,29.24424775
476,Firma 415,2,Akaryakıt Lpg,,,1,Aktif,1886,BAYRAMPAŞA,40205,VATAN,41.03191942,28.90553774
477,Firma 228,1,Akaryakıt,Firma 10,,1,Aktif,2052,ÇEKMEKÖY,40758,ÖMERLİ,41.08802801,29.34381762
478,Firma 436,2,Akaryakıt Lpg,Firma 2,Firma 48,1,Aktif,1622,SİLİVRİ,40927,ALİPAŞA,41.10371436,28.21939533
479,Firma 335,2,Akaryakıt Lpg,Firma 10,Firma 10,1,Aktif,2015,TUZLA,40719,POSTANE,40.81945386,29.30622581
480,Firma 421,2,Akaryakıt Lpg,Firma 13,Firma 39,1,Aktif,2052,ÇEKMEKÖY,40753,ÇAMLIK,41.01394614,29.19534511
481,Firma 439,2,Akaryakıt Lpg,Firma 12,Firma 47,1,Aktif,2054,SANCAKTEPE,40762,MECLİS,41.00860922,29.20170178
482,Firma 672,2,Akaryakıt Lpg,Firma 10,Firma 33,1,Aktif,2015,TUZLA,40728,ORHANLI,40.90778610,29.34327854
483,Firma 908,2,Akaryakıt Lpg,Firma 23,Firma 28,1,Aktif,2015,TUZLA,40726,TEPEÖREN,40.90348792,29.39458140
484,Firma 353,2,Akaryakıt Lpg,Firma 13,,1,Aktif,2052,ÇEKMEKÖY,,,41.06738261,29.27611352
485,Firma 984,2,Akaryakıt Lpg,Firma 13,Firma 39,1,Aktif,1449,KARTAL,40572,YUKARI,40.88918493,29.18118040
486,Firma 276,2,Akaryakıt Lpg,Firma 10,Firma 25,1,Aktif,1325,EYÜPSULTAN,40376,TOPÇULAR,41.03876100,28.92195050
487,Firma 865,1,Akaryakıt,Firma 15,,1,Aktif,1186,BEYOĞLU,40280,HACIAHMET,41.03880903,28.97264845
488,Firma 534,1,Akaryakıt,Firma 23,,1,Aktif,1237,ÇATALCA,191815,SUBAŞI,41.22362268,28.45501922
489,Firma 647,1,Akaryakıt,Firma 5,,1,Aktif,1325,EYÜPSULTAN,40365,MERKEZ,41.05763610,28.94188186
490,Firma 677,1,Akaryakıt,Firma 10,,1,Aktif,2054,SANCAKTEPE,40576,FATİH,40.95250203,29.21512533
491,Firma 397,2,Akaryakıt Lpg,Firma 15,Firma 42,1,Aktif,2015,TUZLA,40732,MESCİT,40.89976898,29.35113698
492,Firma 953,1,Akaryakıt,Firma 3,,1,Aktif,1810,KAĞITHANE,40544,MEHMET AKİF ERSOY,41.06293591,28.95089177
493,Firma 353,2,Akaryakıt Lpg,Firma 15,Firma 42,1,Aktif,1810,KAĞITHANE,40547,SULTAN SELİM,41.09433608,28.99299325
494,Firma 904,2,Akaryakıt Lpg,Firma 13,Firma 39,1,Aktif,1782,BÜYÜKÇEKMECE,40887,MİMAR SİNAN,41.01743535,28.56224986
495,Firma 175,1,Akaryakıt,Firma 5,,1,Aktif,1810,KAĞITHANE,40535,ÇAĞLAYAN,41.07165321,28.97989356
496,Firma 12,1,Akaryakıt,Firma 13,,1,Aktif,2052,ÇEKMEKÖY,40751,EKŞİOĞLU,41.02688061,29.23974643
497,Firma 778,2,Akaryakıt Lpg,Firma 23,Firma 29,1,Aktif,1327,FATİH,40321,KÜÇÜK AYASOFYA,41.00181317,28.97249490
498,Firma 713,1,Akaryakıt,Firma 11,,1,Aktif,1659,ŞİLE,191953,DOĞANCILI,41.19080529,29.44725466
499,Firma 601,2,Akaryakıt Lpg,Firma 10,Firma 10,1,Aktif,2005,BAHÇELİEVLER,40183,YENİBOSNA MERKEZ,41.00988951,28.83102794
500,Firma 845,2,Akaryakıt Lpg,Firma 13,Firma 39,1,Aktif,2003,AVCILAR,40149,ÜNİVERSİTE,40.98825712,28.71868008
501,Firma 38,1,Akaryakıt,Firma 5,,1,Aktif,2005,BAHÇELİEVLER,40182,KOCASİNAN MERKEZ,41.01423895,28.84219214
502,Firma 870,1,Akaryakıt,Firma 10,,1,Aktif,1421,KADIKÖY,40513,ZÜHTÜPAŞA,40.98389906,29.04009447
503,Firma 731,2,Akaryakıt Lpg,Firma 13,Firma 39,1,Aktif,1449,KARTAL,40558,ÇAVUŞOĞLU,40.88955086,29.20683015
504,Firma 731,2,Akaryakıt Lpg,Firma 10,Firma 10,1,Aktif,1449,KARTAL,40566,PETROL İŞ,40.89118955,29.17736785
505,Firma 625,2,Akaryakıt Lpg,Firma 10,Firma 10,1,Aktif,1604,SARIYER,40675,REŞİTPAŞA,41.10741219,29.01511161
506,Firma 482,2,Akaryakıt Lpg,Firma 13,Firma 39,1,Aktif,2050,BAŞAKŞEHİR,40357,BAŞAK,41.08455340,28.81069020
507,Firma 748,2,Akaryakıt Lpg,Firma 10,Firma 29,1,Aktif,2048,ARNAVUTKÖY,40483,BOĞAZKÖY İSTİKLAL,41.15123592,28.78779368
508,Firma 163,1,Akaryakıt,Firma 12,,1,Aktif,1622,SİLİVRİ,40941,BÜYÜK ÇAVUŞLU,41.22622091,28.06378658
509,Firma 798,1,Akaryakıt,Firma 12,,1,Aktif,1622,SİLİVRİ,40933,FEVZİPAŞA,41.09495896,27.99693737
510,Firma 493,1,Akaryakıt,Firma 10,,1,Aktif,2014,SULTANBEYLİ,40947,TURGUT REİS,40.96122581,29.28279741
511,Firma 215,1,Akaryakıt,Firma 15,,1,Aktif,2051,BEYLİKDÜZÜ,40894,YAKUPLU,41.00426897,28.68413878
512,Firma 723,1,Akaryakıt,Firma 12,,1,Aktif,2004,BAĞCILAR,40165,YAVUZ SELİM,41.03679069,28.85288520
513,Firma 871,2,Akaryakıt Lpg,Firma 23,Firma 28,1,Aktif,1823,KÜÇÜKÇEKMECE,40596,FEVZİ ÇAKMAK,41.00846474,28.79462734
514,Firma 593,2,Akaryakıt Lpg,Firma 5,Firma 14,1,Aktif,1708,ÜSKÜDAR,40786,BARBAROS,41.01651772,29.03016851
515,Firma 413,2,Akaryakıt Lpg,Firma 15,Firma 42,1,Aktif,1186,BEYOĞLU,40291,BOSTAN,41.03986787,28.97751708
516,Firma 149,2,Akaryakıt Lpg,Firma 3,Firma 11,1,Aktif,1663,ŞİŞLİ,40697,HALİL RIFAT PAŞA,41.05850689,28.96565090
517,Firma 349,1,Akaryakıt,Firma 7,,1,Aktif,2014,SULTANBEYLİ,40947,TURGUT REİS,40.96441708,29.28132338
518,Firma 478,2,Akaryakıt Lpg,Firma 12,Firma 37,1,Aktif,1835,PENDİK,40627,DOĞU,,
519,Firma 731,2,Akaryakıt Lpg,Firma 12,Firma 47,1,Aktif,1852,ÜMRANİYE,40748,ATAKENT,41.01328460,29.10715280
520,Firma 703,1,Akaryakıt,Firma 13,,1,Aktif,1327,FATİH,99142,ZEYREK,41.01670771,28.95509422
521,Firma 44,1,Akaryakıt,Firma 12,,1,Aktif,1835,PENDİK,40629,FEVZİ ÇAKMAK,40.87370848,29.26604853
522,Firma 852,2,Akaryakıt Lpg,Firma 27,Firma 51,1,Aktif,2048,ARNAVUTKÖY,40479,İSLAMBEY,41.18944311,28.74268625
523,Firma 753,2,Akaryakıt Lpg,Firma 12,Firma 47,1,Aktif,2053,ESENYURT,181500,ZAFER,41.01160712,28.67935911
524,Firma 81,1,Akaryakıt,,,1,Aktif,1237,ÇATALCA,191827,HİSARBEYLİ,41.36927879,28.47366212
525,Firma 290,2,Akaryakıt Lpg,Firma 12,Firma 47,1,Aktif,2054,SANCAKTEPE,192001,PAŞAKÖY,41.04376927,29.27918522
526,Firma 956,2,Akaryakıt Lpg,Firma 25,Firma 25,1,Aktif,2054,SANCAKTEPE,40576,FATİH,40.96678660,29.21556362
527,Firma 790,1,Akaryakıt,Firma 5,,1,Aktif,1327,FATİH,99141,ALİ KUŞÇU,41.01777120,28.95090075
528,Firma 137,1,Akaryakıt,Firma 5,,1,Aktif,2053,ESENYURT,40858,SAADETDERE,41.01154738,28.69804547
529,Firma 645,2,Akaryakıt Lpg,Firma 23,,1,Aktif,1622,SİLİVRİ,40941,BÜYÜK ÇAVUŞLU,41.24434402,28.06737680
530,Firma 388,2,Akaryakıt Lpg,Firma 13,Firma 39,1,Aktif,1336,GAZİOSMANPAŞA,40464,KARADENİZ,41.07614846,28.88070665
531,Firma 951,1,Akaryakıt,Firma 15,,1,Aktif,1185,BEYKOZ,191731,İSHAKLI,41.13278022,29.28257141
532,Firma 215,2,Akaryakıt Lpg,Firma 13,Firma 39,1,Aktif,2049,ATAŞEHİR,40526,YENİSAHRA,40.98764191,29.08706788
533,Firma 141,1,Akaryakıt,Firma 12,,1,Aktif,2048,ARNAVUTKÖY,191977,TAYAKADIN,41.26494688,28.68640353
534,Firma 98,2,Akaryakıt Lpg,Firma 13,Firma 39,1,Aktif,2003,AVCILAR,40152,FİRUZKÖY,40.99944114,28.71346748
535,Firma 457,1,Akaryakıt,Firma 5,,1,Aktif,2004,BAĞCILAR,40170,MAHMUTBEY,41.04501043,28.82303359
536,Firma 353,2,Akaryakıt Lpg,Firma 12,Firma 10,1,Aktif,2010,GÜNGÖREN,40506,MEHMET NESİH ÖZMEN,41.01724195,28.89044913
537,Firma 912,1,Akaryakıt,Firma 23,,1,Aktif,1166,BAKIRKÖY,40197,KARTALTEPE,40.99101598,28.87090283
538,Firma 241,2,Akaryakıt Lpg,Firma 12,Firma 47,1,Aktif,1237,ÇATALCA,40898,KALEİÇİ,41.15083300,28.45281339
539,Firma 417,1,Akaryakıt,Firma 12,,1,Aktif,1622,SİLİVRİ,191849,BÜYÜK KILIÇLI,41.16027818,28.18607082
540,Firma 906,1,Akaryakıt,Firma 25,Firma 25,1,Aktif,1166,BAKIRKÖY,40199,ŞENLİKKÖY,40.98547399,28.78567328
541,Firma 130,1,Akaryakıt,,,1,Aktif,1835,PENDİK,,,40.89430881,29.25927376
542,Firma 353,2,Akaryakıt Lpg,Firma 12,Firma 47,1,Aktif,2053,ESENYURT,181488,BARBAROS HAYRETTİN PAŞA,41.01779013,28.64613628
543,Firma 130,2,Akaryakıt Lpg,Firma 7,Firma 52,1,Aktif,2055,SULTANGAZİ,40467,75. YIL,41.09720383,28.90467187
544,Firma 731,2,Akaryakıt Lpg,Firma 12,Firma 47,1,Aktif,1325,EYÜPSULTAN,40379,GÖKTÜRK MERKEZ,41.17927948,28.88399551
545,Firma 416,2,Akaryakıt Lpg,Firma 5,Firma 14,1,Aktif,2049,ATAŞEHİR,40533,KAYIŞDAĞI,40.97938354,29.12716424
546,Firma 618,2,Akaryakıt Lpg,Firma 13,Firma 39,1,Aktif,1782,BÜYÜKÇEKMECE,40890,ULUS,41.02591190,28.55657737
547,Firma 852,2,Akaryakıt Lpg,Firma 12,Firma 47,1,Aktif,2049,ATAŞEHİR,40530,İÇERENKÖY,40.97919989,29.10475127
548,Firma 265,2,Akaryakıt Lpg,Firma 10,Firma 10,1,Aktif,2014,SULTANBEYLİ,40949,ABDURRAHMANGAZİ,40.97128421,29.25725831
549,Firma 326,1,Akaryakıt,Firma 19,,1,Aktif,1622,SİLİVRİ,191841,SEYMEN,41.15407884,28.16835354
550,Firma 324,1,Akaryakıt,Firma 5,,1,Aktif,1708,ÜSKÜDAR,98666,ÇENGELKÖY,41.05192001,29.05209435
551,Firma 825,1,Akaryakıt,Firma 15,,1,Aktif,1708,ÜSKÜDAR,40788,BULGURLU,41.01459555,29.07573056
552,Firma 193,1,Akaryakıt,Firma 5,,1,Aktif,2005,BAHÇELİEVLER,40183,YENİBOSNA MERKEZ,41.01651655,28.81163703
553,Firma 249,2,Akaryakıt Lpg,Firma 15,Firma 42,1,Aktif,2004,BAĞCILAR,40168,GÜNEŞLİ,41.04140457,28.83227784
554,Firma 731,2,Akaryakıt Lpg,Firma 12,Firma 47,1,Aktif,1708,ÜSKÜDAR,40786,BARBAROS,41.00695521,29.02525145
555,Firma 744,1,Akaryakıt,Firma 5,,1,Aktif,1852,ÜMRANİYE,98699,NECİP FAZIL,41.01818585,29.17163602
556,Firma 560,2,Akaryakıt Lpg,Firma 2,Firma 48,1,Aktif,2053,ESENYURT,181500,ZAFER,41.01207548,28.68179064
557,Firma 22,2,Akaryakıt Lpg,Firma 10,,1,Aktif,2015,TUZLA,,,,
558,Firma 697,2,Akaryakıt Lpg,Firma 10,Firma 10,1,Aktif,1622,SİLİVRİ,40935,GÜMÜŞYAKA,41.08393012,28.03649832
559,Firma 394,2,Akaryakıt Lpg,Firma 10,Firma 10,1,Aktif,1782,BÜYÜKÇEKMECE,40929,KAMİLOBA,41.03783658,28.43729495
560,Firma 835,1,Akaryakıt,Firma 13,Firma 39,1,Aktif,2054,SANCAKTEPE,40624,BÜYÜKBAKKALKÖY,40.98942627,29.19538731
561,Firma 858,2,Akaryakıt Lpg,Firma 10,Firma 10,1,Aktif,2004,BAĞCILAR,40165,YAVUZ SELİM,41.03704940,28.84613082
562,Firma 803,2,Akaryakıt Lpg,Firma 12,Firma 47,1,Aktif,1835,PENDİK,40643,ESENYALI,40.85610836,29.29127710
563,Firma 819,1,Akaryakıt,Firma 12,,1,Aktif,1622,SİLİVRİ,40923,MİMAR SİNAN,41.07994225,28.20693349
564,Firma 731,2,Akaryakıt Lpg,Firma 12,Firma 36,1,Aktif,1708,ÜSKÜDAR,40790,CUMHURİYET,41.01139309,29.07532564
565,Firma 752,2,Akaryakıt Lpg,Firma 12,Firma 47,1,Aktif,2003,AVCILAR,40149,ÜNİVERSİTE,40.99051733,28.71819777
566,Firma 47,1,Akaryakıt,Firma 5,,1,Aktif,1852,ÜMRANİYE,98688,CEMİL MERİÇ,41.01667932,29.14160235
567,Firma 99,1,Akaryakıt,Firma 13,,1,Aktif,1782,BÜYÜKÇEKMECE,40868,PINARTEPE,41.00105092,28.61802638
568,Firma 648,1,Akaryakıt,Firma 23,,1,Aktif,1166,BAKIRKÖY,40193,ZEYTİNLİK,40.97239108,28.87823811
569,Firma 966,2,Akaryakıt Lpg,Firma 7,Firma 52,1,Aktif,2053,ESENYURT,181504,AKŞEMSEDDİN,41.01346337,28.69537048
570,Firma 424,1,Akaryakıt,Firma 3,,1,Aktif,2055,SULTANGAZİ,40477,HABİBLER,41.12971549,28.83778866
571,Firma 710,2,Akaryakıt Lpg,Firma 12,,1,Aktif,2015,TUZLA,40716,İÇMELER,40.84479138,29.30578453
572,Firma 215,2,Akaryakıt Lpg,Firma 15,Firma 42,1,Aktif,2012,MALTEPE,40612,ALTAYÇEŞME,40.93971866,29.13335023
573,Firma 699,,Bilinmiyor,Firma 5,Firma 14,1,Aktif,1835,PENDİK,40640,GÜLLÜ BAĞLAR,,
574,Firma 745,2,Akaryakıt Lpg,Firma 2,Firma 48,1,Aktif,2003,AVCILAR,40149,ÜNİVERSİTE,40.99363129,28.70950192
575,Firma 354,2,Akaryakıt Lpg,Firma 13,Firma 39,1,Aktif,2014,SULTANBEYLİ,40948,HASANPAŞA,40.97195730,29.24918089
576,Firma 402,2,Akaryakıt Lpg,Firma 10,Firma 10,1,Aktif,2004,BAĞCILAR,40162,MERKEZ,41.02977568,28.86348697
577,Firma 160,1,Akaryakıt,Firma 10,,1,Aktif,2049,ATAŞEHİR,99519,MİMAR SİNAN,40.98385675,29.16582970
578,Firma 237,2,Akaryakıt Lpg,Firma 10,Firma 33,1,Aktif,1663,ŞİŞLİ,40706,MERKEZ,41.06569501,28.98749277
579,Firma 738,1,Akaryakıt,Firma 10,Firma 33,1,Aktif,1835,PENDİK,,,40.90931038,29.29501351
580,Firma 396,1,Akaryakıt,Firma 10,,1,Aktif,1604,SARIYER,40704,MASLAK,41.11754302,29.02355514
581,Firma 919,2,Akaryakıt Lpg,Firma 33,Firma 10,1,Aktif,1237,ÇATALCA,40898,KALEİÇİ,41.15805446,28.45524206
582,Firma 248,1,Akaryakıt,Firma 9,,1,Aktif,1782,BÜYÜKÇEKMECE,40884,KUMBURGAZ,41.02653030,28.46566259
583,Firma 9,2,Akaryakıt Lpg,Firma 12,Firma 47,1,Aktif,1622,SİLİVRİ,40922,CUMHURİYET,41.07092768,28.27675878
584,Firma 637,1,Akaryakıt,,,1,Aktif,1325,EYÜPSULTAN,40366,GÜZELTEPE,41.08686180,28.95036422
585,Firma 206,1,Akaryakıt,Firma 12,,1,Aktif,2053,ESENYURT,181492,MEVLANA,41.00649879,28.66754133
586,Firma 17,1,Akaryakıt,Firma 5,,1,Aktif,1622,SİLİVRİ,40926,SEMİZKUMLAR,41.07527809,28.13285530
587,Firma 731,2,Akaryakıt Lpg,Firma 12,Firma 37,1,Aktif,2052,ÇEKMEKÖY,,,41.07607571,29.27753471
588,Firma 69,1,Akaryakıt,Firma 27,Firma 51,1,Aktif,1823,KÜÇÜKÇEKMECE,40605,İSTASYON,41.01450221,28.76814579
589,Firma 353,2,Akaryakıt Lpg,Firma 13,Firma 39,1,Aktif,1449,KARTAL,40558,ÇAVUŞOĞLU,40.89407129,29.19885509
590,Firma 258,1,Akaryakıt,Firma 5,,1,Aktif,2012,MALTEPE,40614,CEVİZLİ,40.91730439,29.14367940
591,Firma 89,1,Akaryakıt,Firma 5,,1,Aktif,2003,AVCILAR,40148,CİHANGİR,40.99540152,28.70464770
592,Firma 55,2,Akaryakıt Lpg,Firma 5,Firma 14,1,Aktif,1782,BÜYÜKÇEKMECE,40887,MİMAR SİNAN,41.01854550,28.56393513
593,Firma 757,2,Akaryakıt Lpg,,,1,Aktif,2054,SANCAKTEPE,40624,BÜYÜKBAKKALKÖY,40.98563868,29.20100302
594,Firma 150,2,Akaryakıt Lpg,Firma 3,,1,Aktif,2052,ÇEKMEKÖY,40758,ÖMERLİ,41.08486222,29.33214748
595,Firma 410,1,Akaryakıt,Firma 13,,1,Aktif,1183,BEŞİKTAŞ,40230,NİSBETİYE,41.06987982,29.01527361
596,Firma 664,1,Akaryakıt,Firma 13,,1,Aktif,1183,BEŞİKTAŞ,40235,LEVENT,41.08772462,29.01774089
597,Firma 794,2,Akaryakıt Lpg,Firma 10,Firma 10,1,Aktif,2052,ÇEKMEKÖY,40751,EKŞİOĞLU,41.02663493,29.24273605
598,Firma 448,2,Akaryakıt Lpg,Firma 12,Firma 28,1,Aktif,1663,ŞİŞLİ,40708,PAŞA,41.04799605,28.96860150
599,Firma 331,2,Akaryakıt Lpg,Firma 13,Firma 39,1,Aktif,1186,BEYOĞLU,40265,YENİŞEHİR,41.04156691,28.97933781
600,Firma 731,1,Akaryakıt,Firma 12,,1,Aktif,1886,BAYRAMPAŞA,40207,ALTINTEPSİ,41.03651323,28.89363037
601,Firma 247,2,Akaryakıt Lpg,Firma 5,Firma 14,1,Aktif,2053,ESENYURT,40881,ATATÜRK,41.03602095,28.62405770
602,Firma 551,2,Akaryakıt Lpg,,,1,Aktif,2012,MALTEPE,40623,ZÜMRÜTEVLER,40.95044029,29.16276796
603,Firma 498,1,Akaryakıt,Firma 5,,1,Aktif,1421,KADIKÖY,40514,FENERBAHÇE,40.98061711,29.04183468
604,Firma 145,2,Akaryakıt Lpg,Firma 13,Firma 39,1,Aktif,2015,TUZLA,40722,ŞİFA,40.82407346,29.35201815
605,Firma 82,2,Akaryakıt Lpg,Firma 25,,1,Aktif,1708,ÜSKÜDAR,40819,SELAMİ ALİ,41.02753436,29.02624217
606,Firma 483,2,Akaryakıt Lpg,Firma 12,Firma 10,1,Aktif,1336,GAZİOSMANPAŞA,40449,YILDIZTABYA,41.06579205,28.93356718
607,Firma 750,2,Akaryakıt Lpg,Firma 10,Firma 10,1,Aktif,2053,ESENYURT,181518,AŞIK VEYSEL,41.05541200,28.67180478
608,Firma 121,2,Akaryakıt Lpg,Firma 10,Firma 29,1,Aktif,2012,MALTEPE,40618,GİRNE,40.93778536,29.13796998
609,Firma 770,2,Akaryakıt Lpg,Firma 15,Firma 42,1,Aktif,1782,BÜYÜKÇEKMECE,40883,GÜZELCE,41.00956266,28.52334775
610,Firma 679,2,Akaryakıt Lpg,Firma 15,Firma 42,1,Aktif,2004,BAĞCILAR,40162,MERKEZ,41.02964793,28.86681223
611,Firma 617,2,Akaryakıt Lpg,Firma 5,Firma 14,1,Aktif,2005,BAHÇELİEVLER,40184,ÇOBANÇEŞME,41.00099729,28.82271767
612,Firma 57,2,Akaryakıt Lpg,Firma 15,Firma 42,1,Aktif,2048,ARNAVUTKÖY,40483,BOĞAZKÖY İSTİKLAL,41.15285325,28.78756392
613,Firma 731,2,Akaryakıt Lpg,Firma 12,Firma 47,1,Aktif,1708,ÜSKÜDAR,40809,KISIKLI,41.02251880,29.07526394
614,Firma 469,1,Akaryakıt,Firma 5,,1,Aktif,2054,SANCAKTEPE,40576,FATİH,40.96642276,29.21650090
615,Firma 801,2,Akaryakıt Lpg,Firma 5,Firma 14,1,Aktif,1449,KARTAL,40558,ÇAVUŞOĞLU,40.89677383,29.20341709
616,Firma 315,1,Akaryakıt,Firma 15,,1,Aktif,2053,ESENYURT,40858,SAADETDERE,41.00012885,28.69511540
617,Firma 190,2,Akaryakıt Lpg,Firma 12,Firma 47,1,Aktif,1622,SİLİVRİ,40938,ORTAKÖY,41.08342301,28.37078083
618,Firma 888,2,Akaryakıt Lpg,Firma 13,Firma 39,1,Aktif,2015,TUZLA,40718,EVLİYA ÇELEBİ,40.83917265,29.29543120
619,Firma 431,2,Akaryakıt Lpg,Firma 15,Firma 42,1,Aktif,2014,SULTANBEYLİ,40949,ABDURRAHMANGAZİ,40.96939307,29.25715278
620,Firma 116,2,Akaryakıt Lpg,Firma 31,Firma 36,1,Aktif,1835,PENDİK,40633,BATI,40.87931655,29.22049877
621,Firma 820,2,Akaryakıt Lpg,Firma 12,Firma 47,1,Aktif,2015,TUZLA,40731,FATİH,40.92753109,29.34690737
622,Firma 368,2,Akaryakıt Lpg,Firma 3,Firma 11,1,Aktif,1835,PENDİK,40642,VELİBABA,40.89866138,29.25959823
623,Firma 251,1,Akaryakıt,Firma 15,,1,Aktif,2053,ESENYURT,40880,AKÇABURGAZ,41.05981154,28.62519605
624,Firma 223,2,Akaryakıt Lpg,Firma 5,Firma 14,1,Aktif,1835,PENDİK,40648,YEŞİLBAĞLAR,40.89684752,29.22487999
625,Firma 307,2,Akaryakıt Lpg,Firma 24,Firma 49,1,Aktif,1659,ŞİLE,191889,MEŞRUTİYET,41.16792395,29.56129221
626,Firma 420,2,Akaryakıt Lpg,Firma 12,Firma 36,1,Aktif,1739,ZEYTİNBURNU,40505,TOZKOPARAN,41.01519328,28.90779069
627,Firma 884,1,Akaryakıt,Firma 13,,1,Aktif,1622,SİLİVRİ,40933,FEVZİPAŞA,41.09568787,27.99974117
628,Firma 593,2,Akaryakıt Lpg,Firma 5,Firma 14,1,Aktif,1810,KAĞITHANE,40543,MERKEZ,41.08524513,28.97806908
629,Firma 398,2,Akaryakıt Lpg,Firma 13,Firma 39,1,Aktif,2016,ESENLER,40351,TUNA,41.05223539,28.85814548
630,Firma 795,2,Akaryakıt Lpg,Firma 9,Firma 26,1,Aktif,1336,GAZİOSMANPAŞA,40455,MERKEZ,41.05809494,28.90624368
631,Firma 856,2,Akaryakıt Lpg,Firma 5,Firma 14,1,Aktif,2052,ÇEKMEKÖY,40769,CUMHURİYET,41.02483800,29.22565949
632,Firma 295,2,Akaryakıt Lpg,Firma 10,Firma 10,1,Aktif,1810,KAĞITHANE,40541,HAMİDİYE,41.10135832,28.97994625
633,Firma 166,1,Akaryakıt,Firma 13,,1,Aktif,1421,KADIKÖY,40524,ERENKÖY,40.97086977,29.08365389
634,Firma 89,1,Akaryakıt,Firma 5,Firma 14,1,Aktif,2053,ESENYURT,40880,AKÇABURGAZ,41.06737905,28.64951142
635,Firma 455,1,Akaryakıt,Firma 10,,1,Aktif,1708,ÜSKÜDAR,98666,ÇENGELKÖY,41.04893433,29.05456576
636,Firma 83,1,Akaryakıt,Firma 12,,1,Aktif,2004,BAĞCILAR,40169,15 TEMMUZ,41.02742799,28.81262805
637,Firma 765,1,Akaryakıt,Firma 13,,1,Aktif,1185,BEYKOZ,40237,GÜMÜŞSUYU,41.13060422,29.09358583
638,Firma 635,2,Akaryakıt Lpg,,,1,Aktif,1886,BAYRAMPAŞA,40213,MURATPAŞA,41.05105998,28.90763786
639,Firma 829,1,Akaryakıt,Firma 10,,1,Aktif,1449,KARTAL,40563,KORDONBOYU,40.89834808,29.16409097
640,Firma 294,2,Akaryakıt Lpg,Firma 15,Firma 42,1,Aktif,2052,ÇEKMEKÖY,40749,ALEMDAĞ,41.05215547,29.23965046
641,Firma 132,1,Akaryakıt,Firma 3,,1,Aktif,2052,ÇEKMEKÖY,191995,KOÇULLU,41.08178999,29.34045862
642,Firma 607,1,Akaryakıt,Firma 12,,1,Aktif,1782,BÜYÜKÇEKMECE,40848,FATİH,41.02184205,28.58403678
643,Firma 386,1,Akaryakıt,Firma 3,,1,Aktif,2052,ÇEKMEKÖY,40753,ÇAMLIK,41.01450336,29.19039046
644,Firma 353,2,Akaryakıt Lpg,Firma 13,Firma 39,1,Aktif,2010,GÜNGÖREN,40504,ABDURRAHMAN NAFİZ GÜRMAN,41.00805522,28.89697717
645,Firma 485,2,Akaryakıt Lpg,Firma 5,Firma 14,1,Aktif,2050,BAŞAKŞEHİR,40872,BAHÇEŞEHİR 2. KISIM,41.06005547,28.68809499
646,Firma 689,2,Akaryakıt Lpg,Firma 15,Firma 42,1,Aktif,1237,ÇATALCA,40897,FERHATPAŞA,41.13283082,28.47029877
647,Firma 562,1,Akaryakıt,Firma 13,,1,Aktif,1823,KÜÇÜKÇEKMECE,40590,HALKALI MERKEZ,41.04331261,28.80304559
648,Firma 579,2,Akaryakıt Lpg,Firma 13,Firma 39,1,Aktif,2004,BAĞCILAR,40176,100. YIL,41.05629933,28.85260992
649,Firma 182,1,Akaryakıt,Firma 15,,1,Aktif,1708,ÜSKÜDAR,98666,ÇENGELKÖY,41.05127969,29.06445839
650,Firma 221,1,Akaryakıt,Firma 12,,1,Aktif,1237,ÇATALCA,191805,KESTANELİK,41.22746255,28.49171624
651,Firma 401,1,Akaryakıt,Firma 10,,1,Aktif,1835,PENDİK,,,40.90179529,29.24706720
652,Firma 26,1,Akaryakıt,Firma 12,,1,Aktif,1823,KÜÇÜKÇEKMECE,40591,ATATÜRK,41.04893356,28.79969520
653,Firma 84,2,Akaryakıt Lpg,Firma 13,Firma 39,1,Aktif,1449,KARTAL,40559,ESENTEPE,40.91110469,29.19526880
654,Firma 847,2,Akaryakıt Lpg,Firma 10,Firma 10,1,Aktif,1327,FATİH,99127,AKSARAY,41.00370175,28.94995966
655,Firma 766,4,Cng,,,1,Aktif,1325,EYÜPSULTAN,40359,ALİBEYKÖY,41.08395433,28.94878040
656,Firma 851,2,Akaryakıt Lpg,Firma 12,Firma 47,1,Aktif,1835,PENDİK,40644,ÇINARDERE,40.89574571,29.24902912
657,Firma 593,1,Akaryakıt,Firma 5,,1,Aktif,1604,SARIYER,40672,PINAR,41.10851251,29.02328986
658,Firma 220,1,Akaryakıt,Firma 5,Firma 14,1,Aktif,1823,KÜÇÜKÇEKMECE,40599,YARIMBURGAZ,41.04264208,28.75635697
659,Firma 624,2,Akaryakıt Lpg,Firma 13,Firma 39,1,Aktif,1835,PENDİK,40631,KAYNARCA,40.87607527,29.26301636
660,Firma 538,1,Akaryakıt,Firma 15,,1,Aktif,1622,SİLİVRİ,40923,MİMAR SİNAN,41.08000350,28.20899049
661,Firma 89,2,Akaryakıt Lpg,Firma 9,Firma 26,1,Aktif,2053,ESENYURT,181522,KOZA,41.06871475,28.66075445
662,Firma 342,2,Akaryakıt Lpg,Firma 13,Firma 39,1,Aktif,1823,KÜÇÜKÇEKMECE,40605,İSTASYON,41.03370432,28.76812558
663,Firma 76,2,Akaryakıt Lpg,Firma 10,Firma 10,1,Aktif,1325,EYÜPSULTAN,40376,TOPÇULAR,41.04519721,28.91682936
664,Firma 617,1,Akaryakıt,Firma 3,,1,Aktif,2016,ESENLER,40354,HAVAALANI,41.05465828,28.86387982
665,Firma 111,2,Akaryakıt Lpg,Firma 12,Firma 47,1,Aktif,1622,SİLİVRİ,40931,SANCAKTEPE,41.07112997,28.11282106
666,Firma 363,2,Akaryakıt Lpg,,,1,Aktif,1852,ÜMRANİYE,98701,SARAY,41.03287382,29.11062108
667,Firma 741,1,Akaryakıt,Firma 2,,1,Aktif,1782,BÜYÜKÇEKMECE,40849,KARAAĞAÇ,41.10824568,28.59256998
668,Firma 465,2,Akaryakıt Lpg,Firma 12,Firma 47,1,Aktif,2048,ARNAVUTKÖY,40478,ARNAVUTKÖY MERKEZ,41.18201676,28.74285376
669,Firma 545,1,Akaryakıt,Firma 12,,1,Aktif,1739,ZEYTİNBURNU,40505,TOZKOPARAN,41.01918556,28.91783023
670,Firma 100,2,Akaryakıt Lpg,Firma 13,Firma 39,1,Aktif,1823,KÜÇÜKÇEKMECE,40592,İNÖNÜ,41.02458108,28.80633273
671,Firma 730,2,Akaryakıt Lpg,Firma 12,Firma 10,1,Aktif,2053,ESENYURT,40880,AKÇABURGAZ,41.07952740,28.62598391
672,Firma 990,2,Akaryakıt Lpg,Firma 12,Firma 47,1,Aktif,1782,BÜYÜKÇEKMECE,99334,ÇAKMAKLI,41.04084216,28.62583498
673,Firma 217,1,Akaryakıt,Firma 12,,1,Aktif,2054,SANCAKTEPE,40759,EMEK,41.00697284,29.18824372
674,Firma 308,2,Akaryakıt Lpg,Firma 5,Firma 14,1,Aktif,2016,ESENLER,40354,HAVAALANI,41.05624872,28.87563167
675,Firma 157,2,Akaryakıt Lpg,Firma 5,Firma 14,1,Aktif,1823,KÜÇÜKÇEKMECE,40589,GÜLTEPE,40.98858144,28.79089044
676,Firma 737,1,Akaryakıt,Firma 15,,1,Aktif,2015,TUZLA,40723,İSTASYON,40.83580293,29.32389265
677,Firma 676,1,Akaryakıt,Firma 5,,1,Aktif,1739,ZEYTİNBURNU,40840,KAZLIÇEŞME,40.99128692,28.91961874
678,Firma 259,2,Akaryakıt Lpg,,,1,Aktif,2010,GÜNGÖREN,40504,ABDURRAHMAN NAFİZ GÜRMAN,41.00221707,28.88614594
679,Firma 376,2,Akaryakıt Lpg,Firma 10,Firma 10,1,Aktif,1449,KARTAL,40565,ORTA,40.91055037,29.21150787
680,Firma 541,2,Akaryakıt Lpg,Firma 15,Firma 42,1,Aktif,2004,BAĞCILAR,40170,MAHMUTBEY,41.05805477,28.83089764
681,Firma 813,2,Akaryakıt Lpg,Firma 10,Firma 10,1,Aktif,1835,PENDİK,40629,FEVZİ ÇAKMAK,40.88079983,29.25514880
682,Firma 516,2,Akaryakıt Lpg,Firma 10,,1,Aktif,2053,ESENYURT,181518,AŞIK VEYSEL,41.06475707,28.67162883
683,Firma 304,2,Akaryakıt Lpg,Firma 12,Firma 47,1,Aktif,2015,TUZLA,40726,TEPEÖREN,40.94263139,29.37344999
684,Firma 148,2,Akaryakıt Lpg,Firma 13,Firma 39,1,Aktif,2014,SULTANBEYLİ,40944,BATTALGAZİ,40.99005950,29.26385538
685,Firma 409,1,Akaryakıt,Firma 5,,1,Aktif,1810,KAĞITHANE,40539,GÜRSEL,41.07552344,28.96980524
686,Firma 834,2,Akaryakıt Lpg,Firma 27,Firma 51,1,Aktif,1336,GAZİOSMANPAŞA,40456,ŞEMSİPAŞA,41.06827877,28.90753223
687,Firma 597,2,Akaryakıt Lpg,Firma 5,Firma 14,1,Aktif,2004,BAĞCILAR,40165,YAVUZ SELİM,41.04209302,28.85095980
688,Firma 744,2,Akaryakıt Lpg,Firma 5,Firma 14,1,Aktif,2053,ESENYURT,40866,YEŞİLKENT,41.02523913,28.65928705
689,Firma 353,2,Akaryakıt Lpg,Firma 13,Firma 39,1,Aktif,1823,KÜÇÜKÇEKMECE,40603,BEŞYOL,40.99637053,28.79663810
690,Firma 208,2,Akaryakıt Lpg,Firma 12,Firma 47,1,Aktif,2053,ESENYURT,40881,ATATÜRK,41.03699088,28.62478209
691,Firma 91,1,Akaryakıt,Firma 5,,1,Aktif,2048,ARNAVUTKÖY,40478,ARNAVUTKÖY MERKEZ,41.18601276,28.73928928
692,Firma 501,2,Akaryakıt Lpg,Firma 9,Firma 26,1,Aktif,1708,ÜSKÜDAR,40820,SELİMİYE,41.00983903,29.01226015
693,Firma 8,2,Akaryakıt Lpg,Firma 13,Firma 38,1,Aktif,1325,EYÜPSULTAN,,,41.19566588,28.82221018
694,Firma 302,2,Akaryakıt Lpg,Firma 12,,1,Aktif,2048,ARNAVUTKÖY,40489,HARAÇÇI,41.17913976,28.70304094
695,Firma 215,1,Akaryakıt,Firma 15,Firma 42,1,Aktif,1421,KADIKÖY,40525,SAHRAYICEDİT,40.98346922,29.09190576
696,Firma 744,1,Akaryakıt,Firma 13,,1,Aktif,2049,ATAŞEHİR,99749,ATATÜRK,40.98520369,29.10719444
697,Firma 359,2,Akaryakıt Lpg,Firma 12,Firma 47,1,Aktif,2050,BAŞAKŞEHİR,40357,BAŞAK,41.10452214,28.80430030
698,Firma 901,2,Akaryakıt Lpg,Firma 12,Firma 47,1,Aktif,2051,BEYLİKDÜZÜ,40873,KAVAKLI,40.98367542,28.64388918
699,Firma 317,1,Akaryakıt,Firma 12,,1,Aktif,1336,GAZİOSMANPAŞA,40459,BARBAROS HAYRETTİN PAŞA,41.07864913,28.89545498
700,Firma 721,2,Akaryakıt Lpg,Firma 9,Firma 46,1,Aktif,2053,ESENYURT,181504,AKŞEMSEDDİN,41.02222481,28.70110036
701,Firma 215,1,Akaryakıt,Firma 5,,1,Aktif,1782,BÜYÜKÇEKMECE,140376,MİMAROBA,41.01046948,28.53174022
702,Firma 444,2,Akaryakıt Lpg,Firma 33,Firma 10,1,Aktif,1237,ÇATALCA,40898,KALEİÇİ,41.15802798,28.45400215
703,Firma 971,2,Akaryakıt Lpg,Firma 10,Firma 10,1,Aktif,2051,BEYLİKDÜZÜ,40874,CUMHURİYET,41.00491317,28.63757733
704,Firma 293,1,Akaryakıt,Firma 15,Firma 42,1,Aktif,2014,SULTANBEYLİ,40956,AKŞEMSETTİN,40.95121784,29.29730485
705,Firma 731,2,Akaryakıt Lpg,Firma 12,Firma 47,1,Aktif,1810,KAĞITHANE,40535,ÇAĞLAYAN,41.08103855,28.98676537
706,Firma 385,1,Akaryakıt,Firma 13,,1,Aktif,1622,SİLİVRİ,40923,MİMAR SİNAN,41.08185536,28.21834158
707,Firma 855,1,Akaryakıt,Firma 7,,1,Aktif,1622,SİLİVRİ,40938,ORTAKÖY,41.09601621,28.37413552
708,Firma 60,2,Akaryakıt Lpg,Firma 12,Firma 47,1,Aktif,2012,MALTEPE,40617,AYDINEVLER,40.94585412,29.12744229
709,Firma 142,1,Akaryakıt,Firma 9,Firma 46,1,Aktif,1622,SİLİVRİ,40936,KAVAKLI,41.09109490,28.32816970
710,Firma 576,1,Akaryakıt,Firma 9,,1,Aktif,2014,SULTANBEYLİ,40953,YAVUZ SELİM,40.95069492,29.28183360
711,Firma 715,2,Akaryakıt Lpg,Firma 10,Firma 10,1,Aktif,1708,ÜSKÜDAR,40794,FERAH,41.03144810,29.07960182
712,Firma 90,1,Akaryakıt,Firma 13,,1,Aktif,1166,BAKIRKÖY,40196,ATAKÖY 7-8-9-10. KISIM,40.99209548,28.83306635
713,Firma 134,1,Akaryakıt,Firma 10,Firma 10,1,Aktif,1823,KÜÇÜKÇEKMECE,40591,ATATÜRK,41.06029844,28.78955456
714,Firma 602,2,Akaryakıt Lpg,Firma 12,Firma 47,1,Aktif,1739,ZEYTİNBURNU,40505,TOZKOPARAN,41.02846585,28.91659513
715,Firma 130,2,Akaryakıt Lpg,,,1,Aktif,2051,BEYLİKDÜZÜ,40869,ADNAN KAHVECİ,40.99338983,28.63037763
716,Firma 292,2,Akaryakıt Lpg,Firma 15,Firma 42,1,Aktif,1336,GAZİOSMANPAŞA,40455,MERKEZ,41.05196898,28.91129632
717,Firma 731,2,Akaryakıt Lpg,Firma 12,Firma 47,1,Aktif,1852,ÜMRANİYE,98703,ŞERİFALİ,41.00559909,29.14620474
718,Firma 939,2,Akaryakıt Lpg,Firma 10,Firma 33,1,Aktif,1835,PENDİK,40653,YENİŞEHİR,40.93530869,29.32867668
719,Firma 353,2,Akaryakıt Lpg,Firma 13,Firma 39,1,Aktif,1325,EYÜPSULTAN,40379,GÖKTÜRK MERKEZ,41.17663651,28.89025116
720,Firma 11,1,Akaryakıt,Firma 13,,1,Aktif,2054,SANCAKTEPE,40624,BÜYÜKBAKKALKÖY,40.97776957,29.22081122
721,Firma 202,1,Akaryakıt,Firma 13,,1,Aktif,1782,BÜYÜKÇEKMECE,40887,MİMAR SİNAN,41.01460591,28.54619023
